user_id,song_id,timestamp,duration_sec
user_1,ea29b646-ae77-440f-96cf-dfc0837340cd,2025-03-21 13:53:00,265
user_2,597b9b32-9c13-43d9-b727-5da2600cab9c,2025-03-23 03:28:00,34
user_2,a757d7f3-174b-4e84-99e2-286fa39c33e4,2025-03-25 12:48:00,155
user_13,e8a625f0-18be-4410-8121-540f7d8c46e2,2025-03-21 11:35:00,83
user_6,c5b4a46a-1749-4e20-a5e1-955c24de1d70,2025-03-23 09:17:00,221
user_1,c721239e-e84d-48a2-9bc2-e7bfce4d4eea,2025-03-22 11:49:00,150
user_6,bffa07b4-439d-4f9a-b9b1-ae1037e0a9fe,2025-03-24 23:25:00,131
user_13,e44e401b-0dff-4f3f-9153-5f1afa0a72fc,2025-03-24 01:22:00,142
user_19,a32fec3a-36b9-42df-9518-326cbf9bdbba,2025-03-27 13:09:00,101
user_14,b7466efc-9414-40db-9682-9f8d92c78480,2025-03-26 01:23:00,103
user_4,8dcc4de7-6f33-4d7d-b0fe-02255dcffdb8,2025-03-24 18:30:00,158
user_12,5bb3fbe5-64c4-4f59-9970-dec7696a2281,2025-03-24 07:22:00,261
user_16,bffa07b4-439d-4f9a-b9b1-ae1037e0a9fe,2025-03-22 03:59:00,160
user_4,614da112-edaa-44fb-b0b0-73cc4fb55e42,2025-03-23 05:25:00,98
user_11,793293ab-eda3-40ed-9ad8-74b2b4aff636,2025-03-27 08:37:00,176
user_16,7c8849ef-e3a2-4713-8721-aece9261651e,2025-03-24 03:21:00,256
user_12,61e699a5-96cf-4990-aa44-a1285cdf01af,2025-03-22 19:32:00,176
user_6,8e08b6cf-1850-42c3-aeb2-c07bb5f179dc,2025-03-26 06:13:00,105
user_5,7d4d2ef5-cefb-4fd2-b9b3-b4141f732081,2025-03-22 17:37:00,272
user_11,b7466efc-9414-40db-9682-9f8d92c78480,2025-03-21 01:39:00,261
user_13,412a129b-30ae-4956-b023-6effd229fb08,2025-03-27 10:20:00,142
user_4,75d605c9-f878-4275-a6ab-96732750493f,2025-03-21 08:27:00,30
user_15,c5b4a46a-1749-4e20-a5e1-955c24de1d70,2025-03-24 11:08:00,55
user_4,8dcc4de7-6f33-4d7d-b0fe-02255dcffdb8,2025-03-24 05:43:00,290
user_9,fb738676-3c04-44a8-a496-6f0eeb1e509c,2025-03-25 21:01:00,94
user_12,a8a5a65e-9ede-44ca-93e0-6007e869cc9b,2025-03-21 19:21:00,177
user_9,f78dd174-f7ab-480e-bd7b-5fb256ae4868,2025-03-24 10:29:00,281
user_7,8d081cd8-d3d0-4780-b4c5-7179ec8a6c62,2025-03-25 19:14:00,49
user_4,7c39ea40-127f-4f17-86eb-0462c0ae382d,2025-03-23 11:18:00,220
user_2,7155d783-e35d-4e02-84f0-b245e5aa1e5d,2025-03-24 07:25:00,91
user_4,5bf24a4f-b1f4-4cfa-9849-c1597b3e6605,2025-03-24 22:48:00,203
user_12,c721239e-e84d-48a2-9bc2-e7bfce4d4eea,2025-03-27 15:51:00,100
user_10,02ef4be8-5767-4489-bf1c-c78ec885dc29,2025-03-23 03:43:00,58
user_10,e8a625f0-18be-4410-8121-540f7d8c46e2,2025-03-26 13:25:00,296
user_5,7c8849ef-e3a2-4713-8721-aece9261651e,2025-03-25 23:22:00,132
user_1,a9ad1c25-4edd-46b5-b5d5-affaa1f17f6f,2025-03-20 01:35:00,180
user_13,72f2d1a8-2ed7-4054-b9a4-4252df552843,2025-03-23 10:02:00,63
user_9,c8b0eee9-9afe-4c22-8de2-7ba50a8316ce,2025-03-21 03:59:00,277
user_14,8dcc4de7-6f33-4d7d-b0fe-02255dcffdb8,2025-03-21 15:09:00,114
user_8,8bb328b1-b565-46b8-9ea6-260d892063fb,2025-03-26 02:14:00,281
user_17,8dcc4de7-6f33-4d7d-b0fe-02255dcffdb8,2025-03-23 02:48:00,58
user_15,3c4878be-8bc2-4a83-b233-6ed77a676b84,2025-03-27 22:52:00,111
user_7,231f0c55-29d6-43d6-834a-d5b132db529c,2025-03-26 01:19:00,42
user_1,a8ec6645-27af-4602-9af1-225e1b7001ac,2025-03-27 03:24:00,147
user_17,d133f0d5-ae36-42d4-b8a3-04bd5cd6d628,2025-03-21 02:56:00,65
user_7,bbd341fe-88fa-4591-b67e-ead071287ac7,2025-03-20 19:34:00,68
user_8,2e8d496f-41db-42fb-ba10-0a85325eea94,2025-03-23 14:48:00,94
user_1,ce12e77d-2296-4ed6-81a6-dbd31f777303,2025-03-27 17:31:00,256
user_7,caec548f-6438-4cad-8571-af209d11bd71,2025-03-21 15:42:00,66
user_1,bbd341fe-88fa-4591-b67e-ead071287ac7,2025-03-27 08:32:00,201
user_4,b37035b4-189d-434a-9805-26b965057384,2025-03-22 11:18:00,89
user_12,c8b0eee9-9afe-4c22-8de2-7ba50a8316ce,2025-03-23 23:58:00,89
user_11,7ca0b367-918d-4b42-98c5-d125c22e66ff,2025-03-20 23:46:00,105
user_2,61e699a5-96cf-4990-aa44-a1285cdf01af,2025-03-23 22:58:00,108
user_7,a757d7f3-174b-4e84-99e2-286fa39c33e4,2025-03-27 10:54:00,243
user_2,fb738676-3c04-44a8-a496-6f0eeb1e509c,2025-03-20 03:06:00,109
user_19,a9ad1c25-4edd-46b5-b5d5-affaa1f17f6f,2025-03-27 15:27:00,35
user_4,793293ab-eda3-40ed-9ad8-74b2b4aff636,2025-03-20 02:23:00,209
user_14,1b559456-b659-48ef-9b4c-6c3d1dc47a2b,2025-03-25 08:02:00,260
user_18,19f5efd9-de2c-438d-8831-ff505117e0d7,2025-03-24 03:10:00,210
user_19,9d19a366-4439-4831-8d63-f08cee6eab5c,2025-03-27 15:40:00,275
user_4,c8b0eee9-9afe-4c22-8de2-7ba50a8316ce,2025-03-27 13:05:00,48
user_9,5bf24a4f-b1f4-4cfa-9849-c1597b3e6605,2025-03-21 08:35:00,199
user_20,75d605c9-f878-4275-a6ab-96732750493f,2025-03-24 03:16:00,93
user_11,9d19a366-4439-4831-8d63-f08cee6eab5c,2025-03-25 13:26:00,177
user_7,ef7acae2-6310-47c6-b911-69372bd82766,2025-03-27 14:47:00,242
user_4,f78dd174-f7ab-480e-bd7b-5fb256ae4868,2025-03-20 01:34:00,33
user_1,412a129b-30ae-4956-b023-6effd229fb08,2025-03-20 15:24:00,92
user_10,4e04580a-0a14-4690-aca7-a9deab6691ee,2025-03-22 02:48:00,164
user_18,f730ec6f-a6de-4745-9340-bd091e6e123f,2025-03-22 08:24:00,213
user_10,52855f22-3641-498b-b871-86d0fa77c5ee,2025-03-21 12:56:00,292
user_5,e8bd3fa2-cc61-4ccf-8175-fe430bb06857,2025-03-22 05:10:00,174
user_12,59afcd19-b96a-4684-a811-9aa87372a145,2025-03-24 15:20:00,249
user_8,0e485efb-c3a7-4976-a712-498e6bace838,2025-03-27 03:10:00,228
user_11,7ef43e68-fb8d-444f-90d3-f4934c40a6dd,2025-03-21 07:10:00,96
user_2,bbd341fe-88fa-4591-b67e-ead071287ac7,2025-03-26 16:18:00,129
user_5,8689ce8f-5789-4165-a7db-13172a8c417a,2025-03-27 05:27:00,227
user_7,49baab5c-0af7-470b-9001-d24ddbf46dfd,2025-03-21 03:39:00,69
user_5,72f2d1a8-2ed7-4054-b9a4-4252df552843,2025-03-26 08:26:00,42
user_14,bd6dc8d3-757f-4b0f-835b-9ec19abf89ed,2025-03-22 07:07:00,167
user_13,6a65d583-8523-4a24-8115-098e866a409f,2025-03-20 02:55:00,285
user_10,59afcd19-b96a-4684-a811-9aa87372a145,2025-03-24 16:57:00,222
user_1,c8b0eee9-9afe-4c22-8de2-7ba50a8316ce,2025-03-20 20:29:00,272
user_12,2b2177b5-ed3a-4870-9dc7-38ac54ab6c44,2025-03-24 17:48:00,279
user_20,c721239e-e84d-48a2-9bc2-e7bfce4d4eea,2025-03-21 18:47:00,188
user_3,44dfe24e-27dc-4633-aa83-dff2151a8c35,2025-03-27 13:08:00,95
user_10,f730ec6f-a6de-4745-9340-bd091e6e123f,2025-03-22 22:11:00,82
user_10,19f5efd9-de2c-438d-8831-ff505117e0d7,2025-03-23 04:48:00,84
user_5,01e521e2-0ccb-4a09-8611-22e7cb9fd0c9,2025-03-24 02:32:00,202
user_1,6561350d-8879-48a7-bfc0-03bfffb88993,2025-03-26 21:51:00,37
user_17,8bb328b1-b565-46b8-9ea6-260d892063fb,2025-03-22 13:15:00,297
user_16,38d222b4-4ee9-42cb-9ef7-c0f110746f96,2025-03-20 20:57:00,95
user_3,35144766-993a-4e04-b852-a3c5221d3d36,2025-03-27 17:44:00,140
user_8,1b559456-b659-48ef-9b4c-6c3d1dc47a2b,2025-03-27 07:54:00,52
user_8,8689ce8f-5789-4165-a7db-13172a8c417a,2025-03-25 02:52:00,54
user_17,52b69dbe-0e7a-4319-b5d5-bb239e41e0ae,2025-03-26 04:31:00,49
user_4,5167f249-42d1-4ab8-9538-a31053ce4ab7,2025-03-25 22:30:00,180
user_12,52855f22-3641-498b-b871-86d0fa77c5ee,2025-03-21 02:22:00,284
user_2,9d91c550-314a-4087-8ee2-04777362f275,2025-03-22 06:32:00,278
user_17,7c8849ef-e3a2-4713-8721-aece9261651e,2025-03-24 02:51:00,293
user_10,72f2d1a8-2ed7-4054-b9a4-4252df552843,2025-03-26 11:30:00,189
user_14,834efde5-2c84-4ea0-b552-75937dad9465,2025-03-22 17:18:00,115
user_15,793293ab-eda3-40ed-9ad8-74b2b4aff636,2025-03-20 08:55:00,154
user_15,6dd38e12-166a-4cdf-bce4-d410583b9f1d,2025-03-27 00:44:00,298
user_4,4e04580a-0a14-4690-aca7-a9deab6691ee,2025-03-27 10:46:00,253
user_1,a32fec3a-36b9-42df-9518-326cbf9bdbba,2025-03-21 05:48:00,103
user_7,44dfe24e-27dc-4633-aa83-dff2151a8c35,2025-03-20 13:44:00,69
user_9,02ef4be8-5767-4489-bf1c-c78ec885dc29,2025-03-22 17:37:00,35
user_2,597b9b32-9c13-43d9-b727-5da2600cab9c,2025-03-27 16:26:00,32
user_4,753701bf-ab5c-484a-8b01-eed5aec22387,2025-03-26 16:50:00,48
user_7,a9ad1c25-4edd-46b5-b5d5-affaa1f17f6f,2025-03-21 00:11:00,202
user_4,52b69dbe-0e7a-4319-b5d5-bb239e41e0ae,2025-03-23 22:36:00,39
user_3,db03f0dc-d3a6-45ce-9312-5cf60cf4c75e,2025-03-23 00:03:00,182
user_10,59afcd19-b96a-4684-a811-9aa87372a145,2025-03-23 07:07:00,126
user_14,01950edd-9fc5-4d39-8030-105332339144,2025-03-24 11:55:00,269
user_2,5bb3fbe5-64c4-4f59-9970-dec7696a2281,2025-03-22 19:55:00,271
user_4,015c1b9d-d768-40d9-b1b7-e919c5b3544d,2025-03-21 13:18:00,70
user_4,35144766-993a-4e04-b852-a3c5221d3d36,2025-03-26 07:00:00,223
user_9,0beab5aa-7616-465a-9cda-3b29235fa393,2025-03-24 01:47:00,281
user_13,5bf24a4f-b1f4-4cfa-9849-c1597b3e6605,2025-03-25 22:49:00,259
user_20,ae254d91-4909-4ac5-b968-a6adf59d68a1,2025-03-25 01:58:00,143
user_5,7ca0b367-918d-4b42-98c5-d125c22e66ff,2025-03-27 01:03:00,58
user_8,9d19a366-4439-4831-8d63-f08cee6eab5c,2025-03-25 08:10:00,290
user_11,db03f0dc-d3a6-45ce-9312-5cf60cf4c75e,2025-03-21 10:54:00,283
user_10,bbd341fe-88fa-4591-b67e-ead071287ac7,2025-03-24 18:39:00,142
user_18,a757d7f3-174b-4e84-99e2-286fa39c33e4,2025-03-23 12:07:00,214
user_10,d8b09b6c-b43c-448f-8ab4-29cb5ff37894,2025-03-23 01:52:00,38
user_13,d8b09b6c-b43c-448f-8ab4-29cb5ff37894,2025-03-21 22:57:00,56
user_14,bffa07b4-439d-4f9a-b9b1-ae1037e0a9fe,2025-03-21 23:08:00,153
user_11,b37035b4-189d-434a-9805-26b965057384,2025-03-23 13:59:00,193
user_1,7e5cde57-ebcd-4cb0-9543-7a09c14f9ced,2025-03-20 23:49:00,87
user_16,5167f249-42d1-4ab8-9538-a31053ce4ab7,2025-03-23 18:37:00,50
user_12,ee9c8b94-558a-471e-922a-a5cec529487c,2025-03-26 21:04:00,32
user_18,4e04580a-0a14-4690-aca7-a9deab6691ee,2025-03-25 03:56:00,214
user_4,6dd38e12-166a-4cdf-bce4-d410583b9f1d,2025-03-26 22:58:00,211
user_8,614da112-edaa-44fb-b0b0-73cc4fb55e42,2025-03-21 23:21:00,80
user_9,d133f0d5-ae36-42d4-b8a3-04bd5cd6d628,2025-03-25 23:18:00,185
user_20,5bb3fbe5-64c4-4f59-9970-dec7696a2281,2025-03-25 22:06:00,254
user_12,8d081cd8-d3d0-4780-b4c5-7179ec8a6c62,2025-03-20 05:36:00,185
user_7,7155d783-e35d-4e02-84f0-b245e5aa1e5d,2025-03-23 09:49:00,71
user_1,7ca0b367-918d-4b42-98c5-d125c22e66ff,2025-03-23 05:06:00,230
user_15,f730ec6f-a6de-4745-9340-bd091e6e123f,2025-03-22 00:10:00,71
user_1,96237af0-f535-47d5-99da-7616e69207c4,2025-03-20 22:17:00,71
user_5,7c39ea40-127f-4f17-86eb-0462c0ae382d,2025-03-22 22:21:00,208
user_14,597b9b32-9c13-43d9-b727-5da2600cab9c,2025-03-22 17:30:00,53
user_12,6a14cab5-3bca-4e99-9211-59a6cc1677cc,2025-03-26 03:07:00,293
user_13,fff37707-57a8-403d-9585-786a8e91c34d,2025-03-23 04:05:00,198
user_4,0f98510c-6492-4a7c-97f5-f436522cd9d9,2025-03-23 06:34:00,153
user_20,49baab5c-0af7-470b-9001-d24ddbf46dfd,2025-03-23 02:07:00,142
user_7,597b9b32-9c13-43d9-b727-5da2600cab9c,2025-03-24 23:42:00,131
user_20,01e521e2-0ccb-4a09-8611-22e7cb9fd0c9,2025-03-22 05:22:00,160
user_9,2e8d496f-41db-42fb-ba10-0a85325eea94,2025-03-22 14:36:00,117
user_3,7c8849ef-e3a2-4713-8721-aece9261651e,2025-03-21 01:12:00,283
user_14,8c1c8aa4-6f33-4109-9cb3-376e6d20b758,2025-03-27 04:38:00,201
user_10,94d41a86-3081-4ca8-a34c-088a562fc15c,2025-03-24 03:27:00,237
user_15,ce12e77d-2296-4ed6-81a6-dbd31f777303,2025-03-24 16:12:00,138
user_8,597b9b32-9c13-43d9-b727-5da2600cab9c,2025-03-27 00:22:00,225
user_6,8689ce8f-5789-4165-a7db-13172a8c417a,2025-03-23 16:42:00,76
user_16,d8b09b6c-b43c-448f-8ab4-29cb5ff37894,2025-03-27 00:07:00,255
user_13,e03c3c9f-a73f-44b1-9102-5acca734402b,2025-03-27 11:28:00,58
user_2,a8ec6645-27af-4602-9af1-225e1b7001ac,2025-03-26 11:28:00,283
user_6,c5b4a46a-1749-4e20-a5e1-955c24de1d70,2025-03-26 23:00:00,126
user_11,bbd341fe-88fa-4591-b67e-ead071287ac7,2025-03-22 23:50:00,233
user_2,8689ce8f-5789-4165-a7db-13172a8c417a,2025-03-24 17:00:00,148
user_5,597b9b32-9c13-43d9-b727-5da2600cab9c,2025-03-27 11:48:00,133
user_14,2e8d496f-41db-42fb-ba10-0a85325eea94,2025-03-25 08:11:00,139
user_14,5ffdf3a6-e22b-49f9-aeed-b0583206401b,2025-03-20 14:43:00,196
user_19,5bb3fbe5-64c4-4f59-9970-dec7696a2281,2025-03-21 23:18:00,299
user_10,834efde5-2c84-4ea0-b552-75937dad9465,2025-03-27 15:33:00,282
user_2,19f5efd9-de2c-438d-8831-ff505117e0d7,2025-03-24 11:13:00,171
user_8,35144766-993a-4e04-b852-a3c5221d3d36,2025-03-20 01:04:00,61
user_12,4e04580a-0a14-4690-aca7-a9deab6691ee,2025-03-25 07:16:00,127
user_17,b37035b4-189d-434a-9805-26b965057384,2025-03-21 08:29:00,188
user_5,597b9b32-9c13-43d9-b727-5da2600cab9c,2025-03-22 03:26:00,83
user_19,8dcc4de7-6f33-4d7d-b0fe-02255dcffdb8,2025-03-25 07:13:00,138
user_18,52b69dbe-0e7a-4319-b5d5-bb239e41e0ae,2025-03-23 21:30:00,149
user_19,e8a625f0-18be-4410-8121-540f7d8c46e2,2025-03-20 10:46:00,280
user_14,7c39ea40-127f-4f17-86eb-0462c0ae382d,2025-03-24 00:48:00,300
user_5,fff37707-57a8-403d-9585-786a8e91c34d,2025-03-27 16:32:00,250
user_1,35144766-993a-4e04-b852-a3c5221d3d36,2025-03-22 06:36:00,98
user_16,52855f22-3641-498b-b871-86d0fa77c5ee,2025-03-21 15:34:00,158
user_8,a8a5a65e-9ede-44ca-93e0-6007e869cc9b,2025-03-23 02:53:00,241
user_1,7c8849ef-e3a2-4713-8721-aece9261651e,2025-03-22 02:53:00,197
user_13,bd6dc8d3-757f-4b0f-835b-9ec19abf89ed,2025-03-25 10:53:00,203
user_20,8dcc4de7-6f33-4d7d-b0fe-02255dcffdb8,2025-03-21 13:43:00,32
user_3,015c1b9d-d768-40d9-b1b7-e919c5b3544d,2025-03-27 08:58:00,196
user_16,78a54da3-0b84-4261-ad45-adbfe413bdcc,2025-03-21 15:44:00,220
user_6,ee9c8b94-558a-471e-922a-a5cec529487c,2025-03-22 23:46:00,96
user_11,231f0c55-29d6-43d6-834a-d5b132db529c,2025-03-23 08:21:00,256
user_11,c721239e-e84d-48a2-9bc2-e7bfce4d4eea,2025-03-22 05:03:00,110
user_7,6561350d-8879-48a7-bfc0-03bfffb88993,2025-03-20 19:03:00,175
user_20,7e5cde57-ebcd-4cb0-9543-7a09c14f9ced,2025-03-27 22:52:00,178
user_2,bbd341fe-88fa-4591-b67e-ead071287ac7,2025-03-27 23:53:00,232
user_6,f78dd174-f7ab-480e-bd7b-5fb256ae4868,2025-03-26 17:32:00,84
user_7,0f98510c-6492-4a7c-97f5-f436522cd9d9,2025-03-21 21:15:00,152
user_9,1b559456-b659-48ef-9b4c-6c3d1dc47a2b,2025-03-26 18:07:00,159
user_8,6561350d-8879-48a7-bfc0-03bfffb88993,2025-03-23 19:25:00,208
user_20,0beab5aa-7616-465a-9cda-3b29235fa393,2025-03-26 05:57:00,46
user_14,02ef4be8-5767-4489-bf1c-c78ec885dc29,2025-03-23 09:25:00,97
user_19,412a129b-30ae-4956-b023-6effd229fb08,2025-03-25 17:23:00,145
user_3,753701bf-ab5c-484a-8b01-eed5aec22387,2025-03-21 11:24:00,123
user_14,e8bd3fa2-cc61-4ccf-8175-fe430bb06857,2025-03-26 21:58:00,244
user_12,f14c1d7e-f2ce-4ece-90f0-d6a95059a5f0,2025-03-21 07:40:00,223
user_20,3c4878be-8bc2-4a83-b233-6ed77a676b84,2025-03-27 15:23:00,174
user_2,1b559456-b659-48ef-9b4c-6c3d1dc47a2b,2025-03-22 10:59:00,71
user_8,7d4d2ef5-cefb-4fd2-b9b3-b4141f732081,2025-03-23 11:26:00,42
user_7,e8a625f0-18be-4410-8121-540f7d8c46e2,2025-03-24 18:38:00,156
user_9,ce12e77d-2296-4ed6-81a6-dbd31f777303,2025-03-26 13:21:00,99
user_9,0e485efb-c3a7-4976-a712-498e6bace838,2025-03-26 12:57:00,130
user_12,6dd38e12-166a-4cdf-bce4-d410583b9f1d,2025-03-20 10:10:00,299
user_11,01e521e2-0ccb-4a09-8611-22e7cb9fd0c9,2025-03-27 18:03:00,48
user_14,6a65d583-8523-4a24-8115-098e866a409f,2025-03-25 03:24:00,262
user_18,e8a625f0-18be-4410-8121-540f7d8c46e2,2025-03-25 21:55:00,64
user_11,e03c3c9f-a73f-44b1-9102-5acca734402b,2025-03-26 12:52:00,43
user_10,52855f22-3641-498b-b871-86d0fa77c5ee,2025-03-26 17:49:00,83
user_17,597b9b32-9c13-43d9-b727-5da2600cab9c,2025-03-21 22:24:00,74
user_20,231f0c55-29d6-43d6-834a-d5b132db529c,2025-03-22 17:31:00,244
user_8,61e699a5-96cf-4990-aa44-a1285cdf01af,2025-03-21 03:32:00,113
user_13,78121f39-8dea-427a-a49e-0a07e54a717f,2025-03-20 06:22:00,264
user_4,96237af0-f535-47d5-99da-7616e69207c4,2025-03-25 10:19:00,286
user_2,b7466efc-9414-40db-9682-9f8d92c78480,2025-03-20 16:01:00,200
user_20,b7466efc-9414-40db-9682-9f8d92c78480,2025-03-23 19:30:00,139
user_1,bd6dc8d3-757f-4b0f-835b-9ec19abf89ed,2025-03-23 01:32:00,201
user_1,bb0752fe-5913-496e-a6be-8ea7e6752b77,2025-03-21 01:54:00,213
user_11,9d91c550-314a-4087-8ee2-04777362f275,2025-03-25 02:49:00,185
user_11,e44e401b-0dff-4f3f-9153-5f1afa0a72fc,2025-03-23 08:29:00,154
user_10,fff37707-57a8-403d-9585-786a8e91c34d,2025-03-21 06:55:00,109
user_16,f78dd174-f7ab-480e-bd7b-5fb256ae4868,2025-03-25 18:16:00,141
user_18,614da112-edaa-44fb-b0b0-73cc4fb55e42,2025-03-23 08:46:00,172
user_4,6dd38e12-166a-4cdf-bce4-d410583b9f1d,2025-03-23 20:28:00,82
user_7,fb738676-3c04-44a8-a496-6f0eeb1e509c,2025-03-23 12:34:00,73
user_17,0f98510c-6492-4a7c-97f5-f436522cd9d9,2025-03-26 13:21:00,83
user_3,231f0c55-29d6-43d6-834a-d5b132db529c,2025-03-21 07:34:00,74
user_14,7c8849ef-e3a2-4713-8721-aece9261651e,2025-03-20 23:23:00,211
user_2,94d41a86-3081-4ca8-a34c-088a562fc15c,2025-03-27 02:08:00,140
user_19,5bb3fbe5-64c4-4f59-9970-dec7696a2281,2025-03-21 17:56:00,284
user_15,6a65d583-8523-4a24-8115-098e866a409f,2025-03-21 14:53:00,177
user_9,19168a3e-d5b9-42f2-95f1-f6b2d527b62c,2025-03-22 17:37:00,90
user_16,412a129b-30ae-4956-b023-6effd229fb08,2025-03-27 20:09:00,42
user_20,38d222b4-4ee9-42cb-9ef7-c0f110746f96,2025-03-23 16:22:00,63
user_7,8ab6181e-93b8-4427-8f9a-86c917cccc9b,2025-03-20 12:36:00,141
user_11,5bb3fbe5-64c4-4f59-9970-dec7696a2281,2025-03-22 18:21:00,72
user_4,7e5cde57-ebcd-4cb0-9543-7a09c14f9ced,2025-03-25 10:08:00,211
user_4,ef7acae2-6310-47c6-b911-69372bd82766,2025-03-25 12:24:00,217
user_11,9d19a366-4439-4831-8d63-f08cee6eab5c,2025-03-23 19:32:00,184
user_7,52b69dbe-0e7a-4319-b5d5-bb239e41e0ae,2025-03-25 15:44:00,37
user_2,e8bd3fa2-cc61-4ccf-8175-fe430bb06857,2025-03-22 18:45:00,141
user_14,78121f39-8dea-427a-a49e-0a07e54a717f,2025-03-25 03:13:00,259
user_20,793293ab-eda3-40ed-9ad8-74b2b4aff636,2025-03-27 08:03:00,227
user_16,0beab5aa-7616-465a-9cda-3b29235fa393,2025-03-23 04:17:00,298
user_3,5bf24a4f-b1f4-4cfa-9849-c1597b3e6605,2025-03-27 23:37:00,144
user_14,e03c3c9f-a73f-44b1-9102-5acca734402b,2025-03-27 16:18:00,79
user_15,5bf24a4f-b1f4-4cfa-9849-c1597b3e6605,2025-03-20 15:56:00,33
user_3,b37035b4-189d-434a-9805-26b965057384,2025-03-26 05:42:00,57
user_17,61e699a5-96cf-4990-aa44-a1285cdf01af,2025-03-25 20:43:00,163
user_6,2b2177b5-ed3a-4870-9dc7-38ac54ab6c44,2025-03-23 08:28:00,285
user_10,614da112-edaa-44fb-b0b0-73cc4fb55e42,2025-03-23 03:47:00,80
user_11,19168a3e-d5b9-42f2-95f1-f6b2d527b62c,2025-03-26 20:06:00,216
user_10,3f6be740-fbd6-4743-acbc-19b47e5f7464,2025-03-22 16:07:00,165
user_16,2e8d496f-41db-42fb-ba10-0a85325eea94,2025-03-23 03:32:00,290
user_20,7ca0b367-918d-4b42-98c5-d125c22e66ff,2025-03-23 18:25:00,229
user_7,412a129b-30ae-4956-b023-6effd229fb08,2025-03-24 10:41:00,31
user_18,7ef43e68-fb8d-444f-90d3-f4934c40a6dd,2025-03-21 01:26:00,232
user_13,bffa07b4-439d-4f9a-b9b1-ae1037e0a9fe,2025-03-25 21:31:00,60
user_7,0beab5aa-7616-465a-9cda-3b29235fa393,2025-03-25 23:15:00,183
user_10,b7466efc-9414-40db-9682-9f8d92c78480,2025-03-21 02:16:00,176
user_15,a8ec6645-27af-4602-9af1-225e1b7001ac,2025-03-27 20:31:00,109
user_3,fff37707-57a8-403d-9585-786a8e91c34d,2025-03-25 18:01:00,72
user_18,e44e401b-0dff-4f3f-9153-5f1afa0a72fc,2025-03-26 23:43:00,130
user_5,8c1c8aa4-6f33-4109-9cb3-376e6d20b758,2025-03-26 06:04:00,294
user_14,52855f22-3641-498b-b871-86d0fa77c5ee,2025-03-24 16:20:00,195
user_9,2f0fdb08-609f-48a3-bd29-f2b7ca535974,2025-03-20 05:19:00,201
user_15,35144766-993a-4e04-b852-a3c5221d3d36,2025-03-26 15:23:00,132
user_19,c8b0eee9-9afe-4c22-8de2-7ba50a8316ce,2025-03-27 14:24:00,35
user_6,db03f0dc-d3a6-45ce-9312-5cf60cf4c75e,2025-03-25 07:58:00,223
user_19,fff37707-57a8-403d-9585-786a8e91c34d,2025-03-26 19:40:00,53
user_20,35144766-993a-4e04-b852-a3c5221d3d36,2025-03-26 21:56:00,202
user_16,fe58ebc6-18c3-4fd3-8452-ce14c53e4df3,2025-03-27 15:18:00,114
user_2,fe58ebc6-18c3-4fd3-8452-ce14c53e4df3,2025-03-26 22:12:00,42
user_19,44dfe24e-27dc-4633-aa83-dff2151a8c35,2025-03-24 15:23:00,179
user_10,bb0752fe-5913-496e-a6be-8ea7e6752b77,2025-03-27 07:07:00,278
user_19,8ab6181e-93b8-4427-8f9a-86c917cccc9b,2025-03-23 23:55:00,165
user_11,bffa07b4-439d-4f9a-b9b1-ae1037e0a9fe,2025-03-26 21:37:00,30
user_9,0beab5aa-7616-465a-9cda-3b29235fa393,2025-03-23 21:29:00,268
user_13,52855f22-3641-498b-b871-86d0fa77c5ee,2025-03-27 22:50:00,123
user_15,6a14cab5-3bca-4e99-9211-59a6cc1677cc,2025-03-23 17:15:00,213
user_14,2f0fdb08-609f-48a3-bd29-f2b7ca535974,2025-03-27 14:26:00,248
user_15,59afcd19-b96a-4684-a811-9aa87372a145,2025-03-26 18:40:00,128
user_20,75d605c9-f878-4275-a6ab-96732750493f,2025-03-26 22:57:00,267
user_18,0e485efb-c3a7-4976-a712-498e6bace838,2025-03-22 10:28:00,237
user_18,7ef43e68-fb8d-444f-90d3-f4934c40a6dd,2025-03-25 10:36:00,295
user_13,2f0fdb08-609f-48a3-bd29-f2b7ca535974,2025-03-20 15:19:00,60
user_17,d4b51288-4891-48d0-a933-1b636f964380,2025-03-27 07:45:00,219
user_7,d133f0d5-ae36-42d4-b8a3-04bd5cd6d628,2025-03-21 14:41:00,211
user_10,50454aaf-c67c-46f6-9859-07702390e821,2025-03-24 18:55:00,34
user_18,75d605c9-f878-4275-a6ab-96732750493f,2025-03-21 20:05:00,239
user_10,8dcc4de7-6f33-4d7d-b0fe-02255dcffdb8,2025-03-22 08:13:00,111
user_16,1b559456-b659-48ef-9b4c-6c3d1dc47a2b,2025-03-27 22:33:00,96
user_9,7ca0b367-918d-4b42-98c5-d125c22e66ff,2025-03-22 10:03:00,173
user_10,e44e401b-0dff-4f3f-9153-5f1afa0a72fc,2025-03-23 06:41:00,157
user_12,ea29b646-ae77-440f-96cf-dfc0837340cd,2025-03-24 04:13:00,287
user_16,7d4d2ef5-cefb-4fd2-b9b3-b4141f732081,2025-03-24 11:46:00,250
user_19,d133f0d5-ae36-42d4-b8a3-04bd5cd6d628,2025-03-21 00:30:00,104
user_8,44dfe24e-27dc-4633-aa83-dff2151a8c35,2025-03-22 12:58:00,46
user_5,fde70809-bd33-4565-824b-8dd43ab21219,2025-03-26 22:50:00,274
user_7,5167f249-42d1-4ab8-9538-a31053ce4ab7,2025-03-25 14:01:00,112
user_20,db03f0dc-d3a6-45ce-9312-5cf60cf4c75e,2025-03-21 15:12:00,290
user_12,2b2177b5-ed3a-4870-9dc7-38ac54ab6c44,2025-03-21 11:25:00,43
user_15,0e485efb-c3a7-4976-a712-498e6bace838,2025-03-20 10:01:00,268
user_6,0beab5aa-7616-465a-9cda-3b29235fa393,2025-03-25 16:15:00,75
user_12,ea29b646-ae77-440f-96cf-dfc0837340cd,2025-03-22 23:35:00,295
user_14,c8b0eee9-9afe-4c22-8de2-7ba50a8316ce,2025-03-27 06:26:00,149
user_15,72f2d1a8-2ed7-4054-b9a4-4252df552843,2025-03-22 20:36:00,227
user_12,5ffdf3a6-e22b-49f9-aeed-b0583206401b,2025-03-23 16:08:00,121
user_15,bffa07b4-439d-4f9a-b9b1-ae1037e0a9fe,2025-03-23 20:51:00,228
user_10,5167f249-42d1-4ab8-9538-a31053ce4ab7,2025-03-23 07:09:00,60
user_15,8dcc4de7-6f33-4d7d-b0fe-02255dcffdb8,2025-03-20 00:57:00,300
user_20,8dcc4de7-6f33-4d7d-b0fe-02255dcffdb8,2025-03-23 12:10:00,31
user_3,8dcc4de7-6f33-4d7d-b0fe-02255dcffdb8,2025-03-21 11:11:00,165
user_7,61e699a5-96cf-4990-aa44-a1285cdf01af,2025-03-24 11:44:00,72
user_12,db03f0dc-d3a6-45ce-9312-5cf60cf4c75e,2025-03-21 00:03:00,65
user_16,1b559456-b659-48ef-9b4c-6c3d1dc47a2b,2025-03-22 06:17:00,89
user_16,8ab6181e-93b8-4427-8f9a-86c917cccc9b,2025-03-22 00:42:00,56
user_15,7ef43e68-fb8d-444f-90d3-f4934c40a6dd,2025-03-27 04:30:00,30
user_16,4e04580a-0a14-4690-aca7-a9deab6691ee,2025-03-24 19:02:00,198
user_15,a757d7f3-174b-4e84-99e2-286fa39c33e4,2025-03-21 14:22:00,84
user_15,bd6dc8d3-757f-4b0f-835b-9ec19abf89ed,2025-03-22 19:38:00,253
user_5,38d222b4-4ee9-42cb-9ef7-c0f110746f96,2025-03-22 05:30:00,251
user_7,61e699a5-96cf-4990-aa44-a1285cdf01af,2025-03-25 00:08:00,295
user_14,6a65d583-8523-4a24-8115-098e866a409f,2025-03-26 05:36:00,146
user_14,bbd341fe-88fa-4591-b67e-ead071287ac7,2025-03-27 11:11:00,273
user_13,7ca0b367-918d-4b42-98c5-d125c22e66ff,2025-03-26 00:20:00,182
user_11,614da112-edaa-44fb-b0b0-73cc4fb55e42,2025-03-27 13:32:00,275
user_1,e44e401b-0dff-4f3f-9153-5f1afa0a72fc,2025-03-25 14:55:00,38
user_15,78121f39-8dea-427a-a49e-0a07e54a717f,2025-03-26 15:50:00,127
user_19,7c39ea40-127f-4f17-86eb-0462c0ae382d,2025-03-27 20:27:00,76
user_4,5bb3fbe5-64c4-4f59-9970-dec7696a2281,2025-03-23 18:23:00,191
user_7,7c8849ef-e3a2-4713-8721-aece9261651e,2025-03-22 13:12:00,299
user_18,ae254d91-4909-4ac5-b968-a6adf59d68a1,2025-03-21 20:40:00,189
user_13,a8a5a65e-9ede-44ca-93e0-6007e869cc9b,2025-03-27 07:20:00,177
user_12,8e08b6cf-1850-42c3-aeb2-c07bb5f179dc,2025-03-27 20:34:00,226
user_6,e5e47066-5d2e-4a00-b380-8f5a16744b6e,2025-03-22 12:35:00,90
user_3,6a14cab5-3bca-4e99-9211-59a6cc1677cc,2025-03-26 07:23:00,186
user_9,8c1c8aa4-6f33-4109-9cb3-376e6d20b758,2025-03-23 16:33:00,156
user_2,b37035b4-189d-434a-9805-26b965057384,2025-03-20 19:27:00,168
user_1,52855f22-3641-498b-b871-86d0fa77c5ee,2025-03-24 10:59:00,115
user_17,231f0c55-29d6-43d6-834a-d5b132db529c,2025-03-21 15:38:00,143
user_9,6a65d583-8523-4a24-8115-098e866a409f,2025-03-20 14:01:00,154
user_13,78121f39-8dea-427a-a49e-0a07e54a717f,2025-03-27 15:32:00,266
user_13,2f0fdb08-609f-48a3-bd29-f2b7ca535974,2025-03-24 12:57:00,245
user_19,78121f39-8dea-427a-a49e-0a07e54a717f,2025-03-20 00:08:00,219
user_8,9d91c550-314a-4087-8ee2-04777362f275,2025-03-24 13:53:00,104
user_3,78a54da3-0b84-4261-ad45-adbfe413bdcc,2025-03-27 04:57:00,100
user_14,50454aaf-c67c-46f6-9859-07702390e821,2025-03-21 22:33:00,121
user_17,e44e401b-0dff-4f3f-9153-5f1afa0a72fc,2025-03-25 13:06:00,182
user_20,753701bf-ab5c-484a-8b01-eed5aec22387,2025-03-21 19:12:00,158
user_15,6dd38e12-166a-4cdf-bce4-d410583b9f1d,2025-03-26 18:49:00,248
user_9,c8b0eee9-9afe-4c22-8de2-7ba50a8316ce,2025-03-21 16:33:00,252
user_11,01f84152-10b1-43c3-8446-0a41d39b0793,2025-03-26 18:46:00,212
user_5,ee9c8b94-558a-471e-922a-a5cec529487c,2025-03-20 14:03:00,272
user_13,44dfe24e-27dc-4633-aa83-dff2151a8c35,2025-03-20 16:31:00,56
user_2,5bf24a4f-b1f4-4cfa-9849-c1597b3e6605,2025-03-25 01:42:00,184
user_10,753701bf-ab5c-484a-8b01-eed5aec22387,2025-03-20 17:58:00,239
user_20,8e08b6cf-1850-42c3-aeb2-c07bb5f179dc,2025-03-25 14:15:00,33
user_13,78121f39-8dea-427a-a49e-0a07e54a717f,2025-03-27 10:17:00,118
user_20,a8a5a65e-9ede-44ca-93e0-6007e869cc9b,2025-03-27 09:32:00,181
user_7,19168a3e-d5b9-42f2-95f1-f6b2d527b62c,2025-03-20 00:18:00,151
user_5,49baab5c-0af7-470b-9001-d24ddbf46dfd,2025-03-26 03:54:00,141
user_16,0beab5aa-7616-465a-9cda-3b29235fa393,2025-03-27 09:02:00,186
user_1,9d19a366-4439-4831-8d63-f08cee6eab5c,2025-03-26 17:48:00,187
user_4,8dcc4de7-6f33-4d7d-b0fe-02255dcffdb8,2025-03-25 06:50:00,183
user_16,8e08b6cf-1850-42c3-aeb2-c07bb5f179dc,2025-03-21 21:12:00,65
user_12,a9ad1c25-4edd-46b5-b5d5-affaa1f17f6f,2025-03-21 12:04:00,130
user_19,f78dd174-f7ab-480e-bd7b-5fb256ae4868,2025-03-20 10:31:00,114
user_19,8d081cd8-d3d0-4780-b4c5-7179ec8a6c62,2025-03-23 14:30:00,104
user_13,2f0fdb08-609f-48a3-bd29-f2b7ca535974,2025-03-27 12:10:00,133
user_5,db03f0dc-d3a6-45ce-9312-5cf60cf4c75e,2025-03-21 15:05:00,179
user_6,49baab5c-0af7-470b-9001-d24ddbf46dfd,2025-03-23 09:44:00,284
user_2,75d605c9-f878-4275-a6ab-96732750493f,2025-03-25 23:46:00,72
user_15,bd6dc8d3-757f-4b0f-835b-9ec19abf89ed,2025-03-21 00:48:00,231
user_14,6dd38e12-166a-4cdf-bce4-d410583b9f1d,2025-03-25 21:01:00,201
user_7,a8ec6645-27af-4602-9af1-225e1b7001ac,2025-03-25 00:27:00,77
user_2,fde70809-bd33-4565-824b-8dd43ab21219,2025-03-26 00:09:00,85
user_15,1b559456-b659-48ef-9b4c-6c3d1dc47a2b,2025-03-22 05:58:00,256
user_10,ae254d91-4909-4ac5-b968-a6adf59d68a1,2025-03-26 16:22:00,158
user_10,e03c3c9f-a73f-44b1-9102-5acca734402b,2025-03-27 00:17:00,245
user_3,c5b4a46a-1749-4e20-a5e1-955c24de1d70,2025-03-23 15:01:00,176
user_2,753701bf-ab5c-484a-8b01-eed5aec22387,2025-03-27 16:30:00,201
user_18,fb738676-3c04-44a8-a496-6f0eeb1e509c,2025-03-25 05:20:00,267
user_16,49baab5c-0af7-470b-9001-d24ddbf46dfd,2025-03-20 22:24:00,254
user_13,231f0c55-29d6-43d6-834a-d5b132db529c,2025-03-26 18:11:00,187
user_8,7e5cde57-ebcd-4cb0-9543-7a09c14f9ced,2025-03-21 04:01:00,123
user_9,c721239e-e84d-48a2-9bc2-e7bfce4d4eea,2025-03-26 03:35:00,89
user_10,5bb3fbe5-64c4-4f59-9970-dec7696a2281,2025-03-24 22:52:00,138
user_20,19f5efd9-de2c-438d-8831-ff505117e0d7,2025-03-24 11:24:00,104
user_15,0e485efb-c3a7-4976-a712-498e6bace838,2025-03-23 22:37:00,255
user_13,a32fec3a-36b9-42df-9518-326cbf9bdbba,2025-03-27 15:10:00,227
user_6,e5e47066-5d2e-4a00-b380-8f5a16744b6e,2025-03-20 03:28:00,170
user_5,b7466efc-9414-40db-9682-9f8d92c78480,2025-03-23 05:46:00,226
user_7,ae254d91-4909-4ac5-b968-a6adf59d68a1,2025-03-20 11:37:00,241
user_13,8d081cd8-d3d0-4780-b4c5-7179ec8a6c62,2025-03-26 09:05:00,193
user_18,1b559456-b659-48ef-9b4c-6c3d1dc47a2b,2025-03-23 04:19:00,288
user_15,52b69dbe-0e7a-4319-b5d5-bb239e41e0ae,2025-03-27 00:45:00,123
user_17,bbd341fe-88fa-4591-b67e-ead071287ac7,2025-03-27 06:04:00,279
user_16,0beab5aa-7616-465a-9cda-3b29235fa393,2025-03-26 18:57:00,167
user_4,0e485efb-c3a7-4976-a712-498e6bace838,2025-03-20 03:22:00,147
user_3,19168a3e-d5b9-42f2-95f1-f6b2d527b62c,2025-03-24 03:18:00,263
user_1,01950edd-9fc5-4d39-8030-105332339144,2025-03-27 08:44:00,233
user_8,2f0fdb08-609f-48a3-bd29-f2b7ca535974,2025-03-22 16:24:00,224
user_15,b37035b4-189d-434a-9805-26b965057384,2025-03-26 18:07:00,82
user_3,01f84152-10b1-43c3-8446-0a41d39b0793,2025-03-23 11:31:00,55
user_12,2f0fdb08-609f-48a3-bd29-f2b7ca535974,2025-03-26 15:10:00,181
user_20,fb738676-3c04-44a8-a496-6f0eeb1e509c,2025-03-26 02:14:00,181
user_5,8ab6181e-93b8-4427-8f9a-86c917cccc9b,2025-03-26 20:20:00,161
user_1,61e699a5-96cf-4990-aa44-a1285cdf01af,2025-03-23 19:10:00,117
user_20,6a14cab5-3bca-4e99-9211-59a6cc1677cc,2025-03-21 19:58:00,238
user_9,44dfe24e-27dc-4633-aa83-dff2151a8c35,2025-03-21 12:10:00,250
user_10,9d19a366-4439-4831-8d63-f08cee6eab5c,2025-03-21 11:35:00,181
user_13,6561350d-8879-48a7-bfc0-03bfffb88993,2025-03-24 17:40:00,77
user_18,bd6dc8d3-757f-4b0f-835b-9ec19abf89ed,2025-03-20 23:47:00,149
user_3,793293ab-eda3-40ed-9ad8-74b2b4aff636,2025-03-22 10:55:00,120
user_3,7ca0b367-918d-4b42-98c5-d125c22e66ff,2025-03-27 04:35:00,189
user_5,72f2d1a8-2ed7-4054-b9a4-4252df552843,2025-03-20 04:29:00,183
user_12,0e485efb-c3a7-4976-a712-498e6bace838,2025-03-21 17:05:00,247
user_6,a8a5a65e-9ede-44ca-93e0-6007e869cc9b,2025-03-21 14:44:00,167
user_8,231f0c55-29d6-43d6-834a-d5b132db529c,2025-03-20 00:34:00,104
user_13,1b559456-b659-48ef-9b4c-6c3d1dc47a2b,2025-03-20 03:06:00,287
user_13,01950edd-9fc5-4d39-8030-105332339144,2025-03-24 07:43:00,44
user_1,b37035b4-189d-434a-9805-26b965057384,2025-03-25 02:25:00,50
user_11,a32fec3a-36b9-42df-9518-326cbf9bdbba,2025-03-25 17:12:00,36
user_6,49baab5c-0af7-470b-9001-d24ddbf46dfd,2025-03-27 11:50:00,31
user_1,52855f22-3641-498b-b871-86d0fa77c5ee,2025-03-21 16:39:00,267
user_3,8e08b6cf-1850-42c3-aeb2-c07bb5f179dc,2025-03-24 11:41:00,283
user_16,753701bf-ab5c-484a-8b01-eed5aec22387,2025-03-25 00:14:00,46
user_1,db03f0dc-d3a6-45ce-9312-5cf60cf4c75e,2025-03-21 06:53:00,194
user_8,412a129b-30ae-4956-b023-6effd229fb08,2025-03-20 07:17:00,294
user_12,f730ec6f-a6de-4745-9340-bd091e6e123f,2025-03-24 01:00:00,36
user_18,38d222b4-4ee9-42cb-9ef7-c0f110746f96,2025-03-22 18:08:00,74
user_6,7ca0b367-918d-4b42-98c5-d125c22e66ff,2025-03-20 19:09:00,170
user_5,9d19a366-4439-4831-8d63-f08cee6eab5c,2025-03-22 07:00:00,176
user_20,5167f249-42d1-4ab8-9538-a31053ce4ab7,2025-03-24 10:29:00,86
user_18,597b9b32-9c13-43d9-b727-5da2600cab9c,2025-03-20 06:59:00,106
user_5,52b69dbe-0e7a-4319-b5d5-bb239e41e0ae,2025-03-20 23:39:00,103
user_5,bffa07b4-439d-4f9a-b9b1-ae1037e0a9fe,2025-03-21 23:34:00,149
user_7,8905897c-1d4a-48a9-bd87-b9c980b0cb17,2025-03-23 16:01:00,96
user_2,52b69dbe-0e7a-4319-b5d5-bb239e41e0ae,2025-03-26 06:07:00,192
user_14,015c1b9d-d768-40d9-b1b7-e919c5b3544d,2025-03-23 02:59:00,295
user_2,4e04580a-0a14-4690-aca7-a9deab6691ee,2025-03-26 19:12:00,114
user_14,35144766-993a-4e04-b852-a3c5221d3d36,2025-03-27 00:28:00,64
user_18,3c4878be-8bc2-4a83-b233-6ed77a676b84,2025-03-20 04:10:00,220
user_18,a32fec3a-36b9-42df-9518-326cbf9bdbba,2025-03-25 03:30:00,65
user_13,d133f0d5-ae36-42d4-b8a3-04bd5cd6d628,2025-03-20 11:01:00,275
user_11,8905897c-1d4a-48a9-bd87-b9c980b0cb17,2025-03-25 05:16:00,124
user_16,7d4d2ef5-cefb-4fd2-b9b3-b4141f732081,2025-03-22 22:28:00,246
user_10,2b2177b5-ed3a-4870-9dc7-38ac54ab6c44,2025-03-27 01:03:00,107
user_17,834efde5-2c84-4ea0-b552-75937dad9465,2025-03-24 08:14:00,108
user_4,02ef4be8-5767-4489-bf1c-c78ec885dc29,2025-03-27 17:38:00,293
user_9,5bb3fbe5-64c4-4f59-9970-dec7696a2281,2025-03-27 04:53:00,54
user_16,d4b51288-4891-48d0-a933-1b636f964380,2025-03-23 09:23:00,95
user_15,3c4878be-8bc2-4a83-b233-6ed77a676b84,2025-03-22 17:08:00,297
user_13,3f6be740-fbd6-4743-acbc-19b47e5f7464,2025-03-27 05:20:00,155
user_5,1b559456-b659-48ef-9b4c-6c3d1dc47a2b,2025-03-23 03:46:00,144
user_11,61e699a5-96cf-4990-aa44-a1285cdf01af,2025-03-23 14:43:00,272
user_18,7c8849ef-e3a2-4713-8721-aece9261651e,2025-03-21 18:03:00,48
user_3,4e04580a-0a14-4690-aca7-a9deab6691ee,2025-03-25 03:04:00,283
user_16,01950edd-9fc5-4d39-8030-105332339144,2025-03-25 17:04:00,291
user_19,834efde5-2c84-4ea0-b552-75937dad9465,2025-03-27 13:38:00,182
user_13,78a54da3-0b84-4261-ad45-adbfe413bdcc,2025-03-22 21:00:00,156
user_19,ef7acae2-6310-47c6-b911-69372bd82766,2025-03-24 02:46:00,93
user_18,3c4878be-8bc2-4a83-b233-6ed77a676b84,2025-03-23 21:05:00,61
user_20,52855f22-3641-498b-b871-86d0fa77c5ee,2025-03-26 05:41:00,96
user_7,19168a3e-d5b9-42f2-95f1-f6b2d527b62c,2025-03-25 11:36:00,273
user_19,614da112-edaa-44fb-b0b0-73cc4fb55e42,2025-03-22 22:26:00,280
user_5,5167f249-42d1-4ab8-9538-a31053ce4ab7,2025-03-22 20:20:00,262
user_19,2e8d496f-41db-42fb-ba10-0a85325eea94,2025-03-20 04:42:00,259
user_7,8bb328b1-b565-46b8-9ea6-260d892063fb,2025-03-22 18:57:00,127
user_10,fde70809-bd33-4565-824b-8dd43ab21219,2025-03-24 17:00:00,54
user_10,e44e401b-0dff-4f3f-9153-5f1afa0a72fc,2025-03-22 15:07:00,175
user_18,38d222b4-4ee9-42cb-9ef7-c0f110746f96,2025-03-21 15:50:00,86
user_5,19f5efd9-de2c-438d-8831-ff505117e0d7,2025-03-22 12:50:00,92
user_20,7d4d2ef5-cefb-4fd2-b9b3-b4141f732081,2025-03-26 17:24:00,38
user_6,49baab5c-0af7-470b-9001-d24ddbf46dfd,2025-03-21 14:39:00,77
user_8,fe58ebc6-18c3-4fd3-8452-ce14c53e4df3,2025-03-23 11:32:00,137
user_20,7c8849ef-e3a2-4713-8721-aece9261651e,2025-03-20 22:44:00,256
user_13,793293ab-eda3-40ed-9ad8-74b2b4aff636,2025-03-21 15:57:00,216
user_15,412a129b-30ae-4956-b023-6effd229fb08,2025-03-25 06:38:00,224
user_5,412a129b-30ae-4956-b023-6effd229fb08,2025-03-21 13:29:00,199
user_5,2b2177b5-ed3a-4870-9dc7-38ac54ab6c44,2025-03-23 15:09:00,146
user_4,52b69dbe-0e7a-4319-b5d5-bb239e41e0ae,2025-03-25 14:20:00,156
user_13,6dd38e12-166a-4cdf-bce4-d410583b9f1d,2025-03-26 07:04:00,84
user_11,7c8849ef-e3a2-4713-8721-aece9261651e,2025-03-23 06:48:00,70
user_13,01950edd-9fc5-4d39-8030-105332339144,2025-03-26 07:16:00,193
user_8,5167f249-42d1-4ab8-9538-a31053ce4ab7,2025-03-21 11:30:00,78
user_19,753701bf-ab5c-484a-8b01-eed5aec22387,2025-03-27 22:50:00,108
user_6,19168a3e-d5b9-42f2-95f1-f6b2d527b62c,2025-03-24 07:07:00,58
user_7,b37035b4-189d-434a-9805-26b965057384,2025-03-26 13:28:00,234
user_7,fe58ebc6-18c3-4fd3-8452-ce14c53e4df3,2025-03-27 01:29:00,224
user_13,9d91c550-314a-4087-8ee2-04777362f275,2025-03-24 19:32:00,117
user_14,61e699a5-96cf-4990-aa44-a1285cdf01af,2025-03-26 18:17:00,263
user_20,1b559456-b659-48ef-9b4c-6c3d1dc47a2b,2025-03-21 23:16:00,41
user_10,35144766-993a-4e04-b852-a3c5221d3d36,2025-03-25 16:17:00,179
user_2,0e485efb-c3a7-4976-a712-498e6bace838,2025-03-27 15:32:00,249
user_6,3f6be740-fbd6-4743-acbc-19b47e5f7464,2025-03-26 02:59:00,78
user_11,b37035b4-189d-434a-9805-26b965057384,2025-03-26 05:56:00,293
user_20,ae254d91-4909-4ac5-b968-a6adf59d68a1,2025-03-22 16:31:00,290
user_7,4e04580a-0a14-4690-aca7-a9deab6691ee,2025-03-27 03:16:00,255
user_13,78121f39-8dea-427a-a49e-0a07e54a717f,2025-03-20 06:33:00,211
user_3,597b9b32-9c13-43d9-b727-5da2600cab9c,2025-03-20 17:05:00,228
user_2,49baab5c-0af7-470b-9001-d24ddbf46dfd,2025-03-21 12:22:00,157
user_16,ce12e77d-2296-4ed6-81a6-dbd31f777303,2025-03-22 12:12:00,277
user_7,5ffdf3a6-e22b-49f9-aeed-b0583206401b,2025-03-26 04:06:00,203
user_8,52855f22-3641-498b-b871-86d0fa77c5ee,2025-03-21 18:40:00,200
user_11,02ef4be8-5767-4489-bf1c-c78ec885dc29,2025-03-22 21:08:00,137
user_6,5bb3fbe5-64c4-4f59-9970-dec7696a2281,2025-03-22 17:20:00,55
user_17,f78dd174-f7ab-480e-bd7b-5fb256ae4868,2025-03-22 19:17:00,299
user_7,7ef43e68-fb8d-444f-90d3-f4934c40a6dd,2025-03-24 15:03:00,56
user_5,44dfe24e-27dc-4633-aa83-dff2151a8c35,2025-03-27 23:32:00,245
user_4,01f84152-10b1-43c3-8446-0a41d39b0793,2025-03-25 04:32:00,181
user_12,0beab5aa-7616-465a-9cda-3b29235fa393,2025-03-25 10:34:00,284
user_3,e03c3c9f-a73f-44b1-9102-5acca734402b,2025-03-21 12:05:00,109
user_17,5ffdf3a6-e22b-49f9-aeed-b0583206401b,2025-03-26 00:12:00,287
user_10,01f84152-10b1-43c3-8446-0a41d39b0793,2025-03-25 16:29:00,39
user_10,7d4d2ef5-cefb-4fd2-b9b3-b4141f732081,2025-03-26 12:15:00,281
user_19,231f0c55-29d6-43d6-834a-d5b132db529c,2025-03-21 12:12:00,83
user_15,2b2177b5-ed3a-4870-9dc7-38ac54ab6c44,2025-03-24 04:51:00,140
user_5,c721239e-e84d-48a2-9bc2-e7bfce4d4eea,2025-03-21 00:18:00,111
user_4,fe58ebc6-18c3-4fd3-8452-ce14c53e4df3,2025-03-22 23:48:00,247
user_4,d8b09b6c-b43c-448f-8ab4-29cb5ff37894,2025-03-22 01:14:00,264
user_11,01950edd-9fc5-4d39-8030-105332339144,2025-03-27 07:45:00,225
user_13,fde70809-bd33-4565-824b-8dd43ab21219,2025-03-23 16:25:00,209
user_14,d8b09b6c-b43c-448f-8ab4-29cb5ff37894,2025-03-20 21:06:00,158
user_9,ea29b646-ae77-440f-96cf-dfc0837340cd,2025-03-24 10:32:00,265
user_20,614da112-edaa-44fb-b0b0-73cc4fb55e42,2025-03-20 16:46:00,30
user_1,0f98510c-6492-4a7c-97f5-f436522cd9d9,2025-03-20 18:46:00,249
user_9,793293ab-eda3-40ed-9ad8-74b2b4aff636,2025-03-27 11:03:00,277
user_14,e03c3c9f-a73f-44b1-9102-5acca734402b,2025-03-21 14:54:00,129
user_8,38d222b4-4ee9-42cb-9ef7-c0f110746f96,2025-03-20 20:27:00,154
user_12,412a129b-30ae-4956-b023-6effd229fb08,2025-03-25 04:57:00,56
user_15,7ca0b367-918d-4b42-98c5-d125c22e66ff,2025-03-21 19:15:00,84
user_2,8689ce8f-5789-4165-a7db-13172a8c417a,2025-03-24 16:26:00,38
user_5,b7466efc-9414-40db-9682-9f8d92c78480,2025-03-26 12:25:00,72
user_17,ce12e77d-2296-4ed6-81a6-dbd31f777303,2025-03-22 09:28:00,96
user_1,94d41a86-3081-4ca8-a34c-088a562fc15c,2025-03-24 00:45:00,85
user_13,8c1c8aa4-6f33-4109-9cb3-376e6d20b758,2025-03-23 06:07:00,125
user_18,8e08b6cf-1850-42c3-aeb2-c07bb5f179dc,2025-03-21 16:17:00,65
user_9,19f5efd9-de2c-438d-8831-ff505117e0d7,2025-03-27 09:31:00,175
user_4,ce12e77d-2296-4ed6-81a6-dbd31f777303,2025-03-25 03:33:00,64
user_5,d133f0d5-ae36-42d4-b8a3-04bd5cd6d628,2025-03-21 01:34:00,249
user_8,7155d783-e35d-4e02-84f0-b245e5aa1e5d,2025-03-23 16:11:00,32
user_9,ef7acae2-6310-47c6-b911-69372bd82766,2025-03-26 21:20:00,287
user_18,d133f0d5-ae36-42d4-b8a3-04bd5cd6d628,2025-03-25 23:31:00,89
user_13,01950edd-9fc5-4d39-8030-105332339144,2025-03-24 22:55:00,284
user_11,caec548f-6438-4cad-8571-af209d11bd71,2025-03-24 01:08:00,94
user_16,8c1c8aa4-6f33-4109-9cb3-376e6d20b758,2025-03-22 17:14:00,277
user_20,7ca0b367-918d-4b42-98c5-d125c22e66ff,2025-03-25 04:23:00,294
user_1,a9ad1c25-4edd-46b5-b5d5-affaa1f17f6f,2025-03-26 19:35:00,124
user_12,a32fec3a-36b9-42df-9518-326cbf9bdbba,2025-03-22 07:26:00,114
user_3,ee9c8b94-558a-471e-922a-a5cec529487c,2025-03-21 20:53:00,35
user_4,597b9b32-9c13-43d9-b727-5da2600cab9c,2025-03-22 21:15:00,251
user_12,8e08b6cf-1850-42c3-aeb2-c07bb5f179dc,2025-03-24 20:30:00,242
user_18,52b69dbe-0e7a-4319-b5d5-bb239e41e0ae,2025-03-21 06:16:00,132
user_18,52855f22-3641-498b-b871-86d0fa77c5ee,2025-03-20 16:00:00,112
user_15,4e04580a-0a14-4690-aca7-a9deab6691ee,2025-03-23 04:32:00,118
user_3,bffa07b4-439d-4f9a-b9b1-ae1037e0a9fe,2025-03-21 16:58:00,187
user_16,1b559456-b659-48ef-9b4c-6c3d1dc47a2b,2025-03-23 05:28:00,74
user_14,35144766-993a-4e04-b852-a3c5221d3d36,2025-03-20 10:33:00,112
user_7,7c8849ef-e3a2-4713-8721-aece9261651e,2025-03-22 00:44:00,100
user_17,614da112-edaa-44fb-b0b0-73cc4fb55e42,2025-03-20 05:36:00,170
user_10,19f5efd9-de2c-438d-8831-ff505117e0d7,2025-03-20 05:45:00,90
user_6,a757d7f3-174b-4e84-99e2-286fa39c33e4,2025-03-26 10:58:00,212
user_10,231f0c55-29d6-43d6-834a-d5b132db529c,2025-03-20 08:37:00,93
user_16,bd6dc8d3-757f-4b0f-835b-9ec19abf89ed,2025-03-24 07:15:00,290
user_13,bb0752fe-5913-496e-a6be-8ea7e6752b77,2025-03-25 01:36:00,136
user_10,3f6be740-fbd6-4743-acbc-19b47e5f7464,2025-03-26 00:53:00,204
user_8,ea29b646-ae77-440f-96cf-dfc0837340cd,2025-03-23 02:00:00,229
user_2,7155d783-e35d-4e02-84f0-b245e5aa1e5d,2025-03-20 19:10:00,179
user_2,8e08b6cf-1850-42c3-aeb2-c07bb5f179dc,2025-03-25 15:54:00,76
user_13,52855f22-3641-498b-b871-86d0fa77c5ee,2025-03-26 16:06:00,278
user_3,78a54da3-0b84-4261-ad45-adbfe413bdcc,2025-03-20 01:23:00,238
user_12,412a129b-30ae-4956-b023-6effd229fb08,2025-03-25 18:18:00,83
user_9,01950edd-9fc5-4d39-8030-105332339144,2025-03-24 16:50:00,254
user_4,d4b51288-4891-48d0-a933-1b636f964380,2025-03-27 19:59:00,134
user_1,8bb328b1-b565-46b8-9ea6-260d892063fb,2025-03-26 23:40:00,120
user_20,78a54da3-0b84-4261-ad45-adbfe413bdcc,2025-03-20 14:22:00,296
user_4,6561350d-8879-48a7-bfc0-03bfffb88993,2025-03-20 11:17:00,173
user_4,ea29b646-ae77-440f-96cf-dfc0837340cd,2025-03-23 08:25:00,237
user_9,01f84152-10b1-43c3-8446-0a41d39b0793,2025-03-24 11:26:00,253
user_10,7ef43e68-fb8d-444f-90d3-f4934c40a6dd,2025-03-20 03:46:00,93
user_1,e03c3c9f-a73f-44b1-9102-5acca734402b,2025-03-26 23:37:00,300
user_11,01e521e2-0ccb-4a09-8611-22e7cb9fd0c9,2025-03-23 09:11:00,229
user_15,9d91c550-314a-4087-8ee2-04777362f275,2025-03-25 00:09:00,253
user_15,7ca0b367-918d-4b42-98c5-d125c22e66ff,2025-03-24 13:44:00,194
user_17,4e04580a-0a14-4690-aca7-a9deab6691ee,2025-03-26 00:42:00,273
user_3,7d4d2ef5-cefb-4fd2-b9b3-b4141f732081,2025-03-23 02:35:00,40
user_3,19168a3e-d5b9-42f2-95f1-f6b2d527b62c,2025-03-23 07:48:00,295
user_12,52855f22-3641-498b-b871-86d0fa77c5ee,2025-03-26 05:04:00,252
user_12,0beab5aa-7616-465a-9cda-3b29235fa393,2025-03-21 14:28:00,31
user_5,75d605c9-f878-4275-a6ab-96732750493f,2025-03-22 04:23:00,135
user_9,ae254d91-4909-4ac5-b968-a6adf59d68a1,2025-03-21 04:34:00,192
user_14,793293ab-eda3-40ed-9ad8-74b2b4aff636,2025-03-23 16:25:00,269
user_18,bbd341fe-88fa-4591-b67e-ead071287ac7,2025-03-27 15:54:00,213
user_4,0beab5aa-7616-465a-9cda-3b29235fa393,2025-03-24 00:32:00,118
user_8,834efde5-2c84-4ea0-b552-75937dad9465,2025-03-23 11:14:00,152
user_9,8ab6181e-93b8-4427-8f9a-86c917cccc9b,2025-03-20 10:14:00,82
user_17,8c1c8aa4-6f33-4109-9cb3-376e6d20b758,2025-03-22 17:20:00,196
user_15,bbd341fe-88fa-4591-b67e-ead071287ac7,2025-03-27 01:44:00,96
user_7,bd6dc8d3-757f-4b0f-835b-9ec19abf89ed,2025-03-22 22:00:00,104
user_6,ef7acae2-6310-47c6-b911-69372bd82766,2025-03-21 12:49:00,237
user_3,c721239e-e84d-48a2-9bc2-e7bfce4d4eea,2025-03-24 19:51:00,47
user_13,01e521e2-0ccb-4a09-8611-22e7cb9fd0c9,2025-03-21 11:48:00,90
user_8,834efde5-2c84-4ea0-b552-75937dad9465,2025-03-26 06:42:00,270
user_9,7155d783-e35d-4e02-84f0-b245e5aa1e5d,2025-03-21 23:29:00,167
user_18,a757d7f3-174b-4e84-99e2-286fa39c33e4,2025-03-23 13:59:00,159
user_10,19f5efd9-de2c-438d-8831-ff505117e0d7,2025-03-20 08:37:00,101
user_1,f730ec6f-a6de-4745-9340-bd091e6e123f,2025-03-24 06:47:00,217
user_16,50454aaf-c67c-46f6-9859-07702390e821,2025-03-21 20:47:00,51
user_3,7d4d2ef5-cefb-4fd2-b9b3-b4141f732081,2025-03-25 12:56:00,99
user_8,2b2177b5-ed3a-4870-9dc7-38ac54ab6c44,2025-03-23 08:19:00,206
user_2,5167f249-42d1-4ab8-9538-a31053ce4ab7,2025-03-20 15:29:00,224
user_5,3c4878be-8bc2-4a83-b233-6ed77a676b84,2025-03-24 00:54:00,77
user_1,e8bd3fa2-cc61-4ccf-8175-fe430bb06857,2025-03-26 14:26:00,110
user_8,7155d783-e35d-4e02-84f0-b245e5aa1e5d,2025-03-25 12:09:00,141
user_20,5167f249-42d1-4ab8-9538-a31053ce4ab7,2025-03-22 20:47:00,148
user_9,7ca0b367-918d-4b42-98c5-d125c22e66ff,2025-03-22 12:52:00,266
user_7,49baab5c-0af7-470b-9001-d24ddbf46dfd,2025-03-21 08:05:00,112
user_7,44dfe24e-27dc-4633-aa83-dff2151a8c35,2025-03-26 06:24:00,197
user_1,a757d7f3-174b-4e84-99e2-286fa39c33e4,2025-03-27 06:45:00,194
user_18,bd6dc8d3-757f-4b0f-835b-9ec19abf89ed,2025-03-24 08:02:00,159
user_10,d8b09b6c-b43c-448f-8ab4-29cb5ff37894,2025-03-22 11:28:00,152
user_18,231f0c55-29d6-43d6-834a-d5b132db529c,2025-03-24 00:51:00,65
user_19,614da112-edaa-44fb-b0b0-73cc4fb55e42,2025-03-27 14:56:00,109
user_14,db03f0dc-d3a6-45ce-9312-5cf60cf4c75e,2025-03-21 11:55:00,38
user_12,19f5efd9-de2c-438d-8831-ff505117e0d7,2025-03-26 17:13:00,153
user_10,ae254d91-4909-4ac5-b968-a6adf59d68a1,2025-03-26 09:03:00,68
user_9,d133f0d5-ae36-42d4-b8a3-04bd5cd6d628,2025-03-22 17:21:00,265
user_14,b7466efc-9414-40db-9682-9f8d92c78480,2025-03-22 15:41:00,95
user_11,59afcd19-b96a-4684-a811-9aa87372a145,2025-03-22 04:16:00,267
user_3,ce12e77d-2296-4ed6-81a6-dbd31f777303,2025-03-23 19:25:00,206
user_3,6a65d583-8523-4a24-8115-098e866a409f,2025-03-26 05:48:00,247
user_3,49baab5c-0af7-470b-9001-d24ddbf46dfd,2025-03-22 16:50:00,290
user_17,caec548f-6438-4cad-8571-af209d11bd71,2025-03-23 19:05:00,118
user_3,f730ec6f-a6de-4745-9340-bd091e6e123f,2025-03-20 17:01:00,46
user_11,2e8d496f-41db-42fb-ba10-0a85325eea94,2025-03-24 05:28:00,132
user_13,7ef43e68-fb8d-444f-90d3-f4934c40a6dd,2025-03-22 05:25:00,279
user_1,e8a625f0-18be-4410-8121-540f7d8c46e2,2025-03-24 21:09:00,94
user_10,8d081cd8-d3d0-4780-b4c5-7179ec8a6c62,2025-03-21 03:21:00,63
user_15,7ca0b367-918d-4b42-98c5-d125c22e66ff,2025-03-21 10:36:00,245
user_4,7c8849ef-e3a2-4713-8721-aece9261651e,2025-03-20 00:14:00,193
user_3,01f84152-10b1-43c3-8446-0a41d39b0793,2025-03-27 14:43:00,73
user_1,614da112-edaa-44fb-b0b0-73cc4fb55e42,2025-03-27 08:10:00,219
user_7,6561350d-8879-48a7-bfc0-03bfffb88993,2025-03-24 21:19:00,192
user_15,3f6be740-fbd6-4743-acbc-19b47e5f7464,2025-03-27 04:40:00,214
user_18,a8a5a65e-9ede-44ca-93e0-6007e869cc9b,2025-03-21 15:02:00,140
user_1,49baab5c-0af7-470b-9001-d24ddbf46dfd,2025-03-21 12:23:00,241
user_4,614da112-edaa-44fb-b0b0-73cc4fb55e42,2025-03-22 05:31:00,179
user_12,fb738676-3c04-44a8-a496-6f0eeb1e509c,2025-03-24 04:45:00,82
user_11,44dfe24e-27dc-4633-aa83-dff2151a8c35,2025-03-27 17:52:00,103
user_14,9d19a366-4439-4831-8d63-f08cee6eab5c,2025-03-24 20:01:00,288
user_19,9d91c550-314a-4087-8ee2-04777362f275,2025-03-24 17:49:00,290
user_15,fff37707-57a8-403d-9585-786a8e91c34d,2025-03-23 03:54:00,298
user_7,94d41a86-3081-4ca8-a34c-088a562fc15c,2025-03-26 00:23:00,171
user_4,ce12e77d-2296-4ed6-81a6-dbd31f777303,2025-03-23 17:12:00,190
user_7,f730ec6f-a6de-4745-9340-bd091e6e123f,2025-03-20 00:06:00,287
user_5,7d4d2ef5-cefb-4fd2-b9b3-b4141f732081,2025-03-25 12:13:00,152
user_7,8689ce8f-5789-4165-a7db-13172a8c417a,2025-03-25 02:44:00,126
user_16,7155d783-e35d-4e02-84f0-b245e5aa1e5d,2025-03-27 13:01:00,108
user_11,3c4878be-8bc2-4a83-b233-6ed77a676b84,2025-03-26 08:07:00,191
user_4,50454aaf-c67c-46f6-9859-07702390e821,2025-03-27 11:41:00,68
user_6,0e485efb-c3a7-4976-a712-498e6bace838,2025-03-27 21:58:00,158
user_7,9d91c550-314a-4087-8ee2-04777362f275,2025-03-27 14:08:00,284
user_4,c721239e-e84d-48a2-9bc2-e7bfce4d4eea,2025-03-23 01:56:00,263
user_19,1b559456-b659-48ef-9b4c-6c3d1dc47a2b,2025-03-25 04:00:00,71
user_11,d8b09b6c-b43c-448f-8ab4-29cb5ff37894,2025-03-24 12:35:00,111
user_1,bffa07b4-439d-4f9a-b9b1-ae1037e0a9fe,2025-03-20 17:31:00,261
user_1,75d605c9-f878-4275-a6ab-96732750493f,2025-03-25 00:25:00,110
user_14,753701bf-ab5c-484a-8b01-eed5aec22387,2025-03-25 08:11:00,173
user_8,f730ec6f-a6de-4745-9340-bd091e6e123f,2025-03-23 18:44:00,159
user_6,d133f0d5-ae36-42d4-b8a3-04bd5cd6d628,2025-03-26 05:42:00,57
user_5,0e485efb-c3a7-4976-a712-498e6bace838,2025-03-26 04:54:00,108
user_1,7ef43e68-fb8d-444f-90d3-f4934c40a6dd,2025-03-24 12:51:00,211
user_13,d4b51288-4891-48d0-a933-1b636f964380,2025-03-25 13:56:00,59
user_13,a757d7f3-174b-4e84-99e2-286fa39c33e4,2025-03-24 09:05:00,104
user_17,5bb3fbe5-64c4-4f59-9970-dec7696a2281,2025-03-24 22:35:00,167
user_10,61e699a5-96cf-4990-aa44-a1285cdf01af,2025-03-21 08:45:00,133
user_19,6dd38e12-166a-4cdf-bce4-d410583b9f1d,2025-03-24 21:47:00,218
user_9,44dfe24e-27dc-4633-aa83-dff2151a8c35,2025-03-23 10:28:00,210
user_14,78121f39-8dea-427a-a49e-0a07e54a717f,2025-03-26 10:40:00,92
user_13,d8b09b6c-b43c-448f-8ab4-29cb5ff37894,2025-03-22 21:55:00,56
user_6,5167f249-42d1-4ab8-9538-a31053ce4ab7,2025-03-21 14:54:00,182
user_2,8d081cd8-d3d0-4780-b4c5-7179ec8a6c62,2025-03-22 19:17:00,280
user_5,1b559456-b659-48ef-9b4c-6c3d1dc47a2b,2025-03-22 00:41:00,185
user_19,7155d783-e35d-4e02-84f0-b245e5aa1e5d,2025-03-22 23:54:00,109
user_20,0f98510c-6492-4a7c-97f5-f436522cd9d9,2025-03-26 18:47:00,198
user_2,bd6dc8d3-757f-4b0f-835b-9ec19abf89ed,2025-03-26 10:09:00,194
user_14,2e8d496f-41db-42fb-ba10-0a85325eea94,2025-03-27 03:41:00,247
user_13,fff37707-57a8-403d-9585-786a8e91c34d,2025-03-23 20:00:00,98
user_11,ea29b646-ae77-440f-96cf-dfc0837340cd,2025-03-26 13:09:00,110
user_1,3f6be740-fbd6-4743-acbc-19b47e5f7464,2025-03-26 00:56:00,74
user_4,7d4d2ef5-cefb-4fd2-b9b3-b4141f732081,2025-03-26 20:40:00,245
user_13,c5b4a46a-1749-4e20-a5e1-955c24de1d70,2025-03-21 05:13:00,133
user_5,015c1b9d-d768-40d9-b1b7-e919c5b3544d,2025-03-21 10:15:00,132
user_7,19f5efd9-de2c-438d-8831-ff505117e0d7,2025-03-20 14:17:00,84
user_7,2f0fdb08-609f-48a3-bd29-f2b7ca535974,2025-03-21 17:36:00,84
user_12,e5e47066-5d2e-4a00-b380-8f5a16744b6e,2025-03-21 00:03:00,196
user_16,0f98510c-6492-4a7c-97f5-f436522cd9d9,2025-03-23 21:11:00,124
user_7,bffa07b4-439d-4f9a-b9b1-ae1037e0a9fe,2025-03-25 21:05:00,161
user_2,231f0c55-29d6-43d6-834a-d5b132db529c,2025-03-21 09:02:00,241
user_2,0f98510c-6492-4a7c-97f5-f436522cd9d9,2025-03-23 20:51:00,99
user_10,c8b0eee9-9afe-4c22-8de2-7ba50a8316ce,2025-03-21 10:52:00,275
user_2,a8ec6645-27af-4602-9af1-225e1b7001ac,2025-03-26 10:37:00,251
user_14,a757d7f3-174b-4e84-99e2-286fa39c33e4,2025-03-20 15:26:00,266
user_13,614da112-edaa-44fb-b0b0-73cc4fb55e42,2025-03-21 06:50:00,264
user_3,bffa07b4-439d-4f9a-b9b1-ae1037e0a9fe,2025-03-24 09:29:00,240
user_16,f78dd174-f7ab-480e-bd7b-5fb256ae4868,2025-03-27 16:44:00,223
user_5,7c39ea40-127f-4f17-86eb-0462c0ae382d,2025-03-20 18:10:00,187
user_5,fe58ebc6-18c3-4fd3-8452-ce14c53e4df3,2025-03-21 00:48:00,196
user_15,412a129b-30ae-4956-b023-6effd229fb08,2025-03-24 20:54:00,53
user_20,e44e401b-0dff-4f3f-9153-5f1afa0a72fc,2025-03-21 22:59:00,49
user_5,f730ec6f-a6de-4745-9340-bd091e6e123f,2025-03-26 16:58:00,35
user_18,7ef43e68-fb8d-444f-90d3-f4934c40a6dd,2025-03-26 09:59:00,110
user_10,52855f22-3641-498b-b871-86d0fa77c5ee,2025-03-23 02:51:00,264
user_12,7155d783-e35d-4e02-84f0-b245e5aa1e5d,2025-03-26 22:17:00,67
user_7,db03f0dc-d3a6-45ce-9312-5cf60cf4c75e,2025-03-25 05:44:00,254
user_1,bbd341fe-88fa-4591-b67e-ead071287ac7,2025-03-27 04:15:00,293
user_19,a32fec3a-36b9-42df-9518-326cbf9bdbba,2025-03-26 16:16:00,212
user_14,7ca0b367-918d-4b42-98c5-d125c22e66ff,2025-03-23 17:49:00,127
user_16,7c8849ef-e3a2-4713-8721-aece9261651e,2025-03-20 18:39:00,298
user_13,2f0fdb08-609f-48a3-bd29-f2b7ca535974,2025-03-27 15:17:00,183
user_20,78121f39-8dea-427a-a49e-0a07e54a717f,2025-03-26 07:22:00,197
user_9,7ca0b367-918d-4b42-98c5-d125c22e66ff,2025-03-25 18:39:00,191
user_20,d8b09b6c-b43c-448f-8ab4-29cb5ff37894,2025-03-23 01:16:00,242
user_4,5bf24a4f-b1f4-4cfa-9849-c1597b3e6605,2025-03-27 18:33:00,156
user_4,bffa07b4-439d-4f9a-b9b1-ae1037e0a9fe,2025-03-23 07:19:00,122
user_14,8689ce8f-5789-4165-a7db-13172a8c417a,2025-03-27 09:39:00,65
user_15,a8ec6645-27af-4602-9af1-225e1b7001ac,2025-03-22 14:10:00,50
user_14,2f0fdb08-609f-48a3-bd29-f2b7ca535974,2025-03-27 08:57:00,60
user_20,6a14cab5-3bca-4e99-9211-59a6cc1677cc,2025-03-26 11:07:00,63
user_6,78121f39-8dea-427a-a49e-0a07e54a717f,2025-03-26 21:23:00,170
user_4,a8ec6645-27af-4602-9af1-225e1b7001ac,2025-03-26 06:05:00,172
user_2,8d081cd8-d3d0-4780-b4c5-7179ec8a6c62,2025-03-26 21:18:00,134
user_5,ce12e77d-2296-4ed6-81a6-dbd31f777303,2025-03-24 19:51:00,68
user_20,5bb3fbe5-64c4-4f59-9970-dec7696a2281,2025-03-27 14:47:00,275
user_17,7ca0b367-918d-4b42-98c5-d125c22e66ff,2025-03-24 00:02:00,85
user_14,412a129b-30ae-4956-b023-6effd229fb08,2025-03-26 11:29:00,41
user_15,7c8849ef-e3a2-4713-8721-aece9261651e,2025-03-24 06:25:00,236
user_1,fe58ebc6-18c3-4fd3-8452-ce14c53e4df3,2025-03-25 12:25:00,286
user_3,bffa07b4-439d-4f9a-b9b1-ae1037e0a9fe,2025-03-25 02:11:00,262
user_13,7d4d2ef5-cefb-4fd2-b9b3-b4141f732081,2025-03-26 06:09:00,58
user_20,db03f0dc-d3a6-45ce-9312-5cf60cf4c75e,2025-03-27 02:27:00,118
user_12,78a54da3-0b84-4261-ad45-adbfe413bdcc,2025-03-26 03:04:00,173
user_19,e8a625f0-18be-4410-8121-540f7d8c46e2,2025-03-20 16:33:00,72
user_8,19168a3e-d5b9-42f2-95f1-f6b2d527b62c,2025-03-24 04:37:00,137
user_14,4e04580a-0a14-4690-aca7-a9deab6691ee,2025-03-26 09:12:00,160
user_4,a32fec3a-36b9-42df-9518-326cbf9bdbba,2025-03-26 12:58:00,177
user_5,e8a625f0-18be-4410-8121-540f7d8c46e2,2025-03-22 13:01:00,109
user_19,c5b4a46a-1749-4e20-a5e1-955c24de1d70,2025-03-20 20:25:00,75
user_18,a32fec3a-36b9-42df-9518-326cbf9bdbba,2025-03-27 16:50:00,147
user_9,94d41a86-3081-4ca8-a34c-088a562fc15c,2025-03-22 16:19:00,296
user_14,b37035b4-189d-434a-9805-26b965057384,2025-03-21 13:23:00,246
user_12,50454aaf-c67c-46f6-9859-07702390e821,2025-03-25 13:21:00,134
user_2,fe58ebc6-18c3-4fd3-8452-ce14c53e4df3,2025-03-20 03:43:00,295
user_13,a757d7f3-174b-4e84-99e2-286fa39c33e4,2025-03-27 01:58:00,79
user_16,015c1b9d-d768-40d9-b1b7-e919c5b3544d,2025-03-27 09:38:00,46
user_18,8dcc4de7-6f33-4d7d-b0fe-02255dcffdb8,2025-03-27 07:39:00,36
user_4,2e8d496f-41db-42fb-ba10-0a85325eea94,2025-03-20 03:46:00,264
user_11,94d41a86-3081-4ca8-a34c-088a562fc15c,2025-03-25 20:19:00,244
user_14,7ef43e68-fb8d-444f-90d3-f4934c40a6dd,2025-03-25 17:48:00,65
user_2,a9ad1c25-4edd-46b5-b5d5-affaa1f17f6f,2025-03-23 13:19:00,285
user_2,7c39ea40-127f-4f17-86eb-0462c0ae382d,2025-03-26 19:47:00,197
user_4,7ca0b367-918d-4b42-98c5-d125c22e66ff,2025-03-21 03:34:00,281
user_2,8dcc4de7-6f33-4d7d-b0fe-02255dcffdb8,2025-03-20 17:58:00,292
user_18,6dd38e12-166a-4cdf-bce4-d410583b9f1d,2025-03-27 22:55:00,193
user_20,f14c1d7e-f2ce-4ece-90f0-d6a95059a5f0,2025-03-27 17:30:00,226
user_3,ef7acae2-6310-47c6-b911-69372bd82766,2025-03-26 16:54:00,116
user_20,753701bf-ab5c-484a-8b01-eed5aec22387,2025-03-25 18:39:00,286
user_11,bbd341fe-88fa-4591-b67e-ead071287ac7,2025-03-20 00:20:00,246
user_18,72f2d1a8-2ed7-4054-b9a4-4252df552843,2025-03-22 11:09:00,277
user_9,caec548f-6438-4cad-8571-af209d11bd71,2025-03-24 03:03:00,273
user_19,2e8d496f-41db-42fb-ba10-0a85325eea94,2025-03-20 12:34:00,97
user_16,8c1c8aa4-6f33-4109-9cb3-376e6d20b758,2025-03-25 00:59:00,58
user_7,f78dd174-f7ab-480e-bd7b-5fb256ae4868,2025-03-24 07:31:00,178
user_9,52855f22-3641-498b-b871-86d0fa77c5ee,2025-03-26 23:03:00,33
user_9,7c39ea40-127f-4f17-86eb-0462c0ae382d,2025-03-20 12:39:00,148
user_5,78121f39-8dea-427a-a49e-0a07e54a717f,2025-03-24 01:31:00,133
user_8,412a129b-30ae-4956-b023-6effd229fb08,2025-03-24 08:08:00,188
user_7,7ca0b367-918d-4b42-98c5-d125c22e66ff,2025-03-27 16:54:00,175
user_12,19f5efd9-de2c-438d-8831-ff505117e0d7,2025-03-24 20:56:00,66
user_20,9d91c550-314a-4087-8ee2-04777362f275,2025-03-21 00:15:00,134
user_15,2b2177b5-ed3a-4870-9dc7-38ac54ab6c44,2025-03-24 14:10:00,80
user_6,96237af0-f535-47d5-99da-7616e69207c4,2025-03-25 17:56:00,132
user_14,7e5cde57-ebcd-4cb0-9543-7a09c14f9ced,2025-03-23 03:14:00,151
user_6,7ca0b367-918d-4b42-98c5-d125c22e66ff,2025-03-22 20:19:00,198
user_14,d8b09b6c-b43c-448f-8ab4-29cb5ff37894,2025-03-25 21:32:00,93
user_8,a9ad1c25-4edd-46b5-b5d5-affaa1f17f6f,2025-03-22 15:48:00,224
user_10,8ab6181e-93b8-4427-8f9a-86c917cccc9b,2025-03-27 15:44:00,43
user_7,0f98510c-6492-4a7c-97f5-f436522cd9d9,2025-03-27 21:57:00,126
user_20,bd6dc8d3-757f-4b0f-835b-9ec19abf89ed,2025-03-21 08:21:00,141
user_8,50454aaf-c67c-46f6-9859-07702390e821,2025-03-20 05:49:00,130
user_17,6561350d-8879-48a7-bfc0-03bfffb88993,2025-03-27 13:36:00,76
user_16,52b69dbe-0e7a-4319-b5d5-bb239e41e0ae,2025-03-24 08:54:00,258
user_7,5bb3fbe5-64c4-4f59-9970-dec7696a2281,2025-03-26 00:33:00,102
user_1,01f84152-10b1-43c3-8446-0a41d39b0793,2025-03-22 11:52:00,213
user_15,01e521e2-0ccb-4a09-8611-22e7cb9fd0c9,2025-03-27 11:34:00,222
user_2,e03c3c9f-a73f-44b1-9102-5acca734402b,2025-03-27 20:45:00,71
user_11,8d081cd8-d3d0-4780-b4c5-7179ec8a6c62,2025-03-20 14:20:00,287
user_9,f78dd174-f7ab-480e-bd7b-5fb256ae4868,2025-03-20 10:51:00,164
user_5,7ef43e68-fb8d-444f-90d3-f4934c40a6dd,2025-03-20 20:29:00,132
user_17,02ef4be8-5767-4489-bf1c-c78ec885dc29,2025-03-27 01:06:00,267
user_9,ea29b646-ae77-440f-96cf-dfc0837340cd,2025-03-24 01:23:00,71
user_12,2b2177b5-ed3a-4870-9dc7-38ac54ab6c44,2025-03-27 13:25:00,182
user_20,a9ad1c25-4edd-46b5-b5d5-affaa1f17f6f,2025-03-21 02:32:00,234
user_4,01e521e2-0ccb-4a09-8611-22e7cb9fd0c9,2025-03-24 08:47:00,256
user_2,d133f0d5-ae36-42d4-b8a3-04bd5cd6d628,2025-03-21 08:19:00,244
user_8,6561350d-8879-48a7-bfc0-03bfffb88993,2025-03-21 14:20:00,135
user_13,19f5efd9-de2c-438d-8831-ff505117e0d7,2025-03-23 04:41:00,67
user_9,9d19a366-4439-4831-8d63-f08cee6eab5c,2025-03-23 01:06:00,171
user_13,793293ab-eda3-40ed-9ad8-74b2b4aff636,2025-03-22 10:23:00,126
user_13,ce12e77d-2296-4ed6-81a6-dbd31f777303,2025-03-27 09:27:00,74
user_12,02ef4be8-5767-4489-bf1c-c78ec885dc29,2025-03-24 02:00:00,295
user_16,ef7acae2-6310-47c6-b911-69372bd82766,2025-03-27 01:32:00,180
user_13,44dfe24e-27dc-4633-aa83-dff2151a8c35,2025-03-20 15:18:00,45
user_4,e44e401b-0dff-4f3f-9153-5f1afa0a72fc,2025-03-22 17:59:00,152
user_18,6a14cab5-3bca-4e99-9211-59a6cc1677cc,2025-03-27 06:54:00,106
user_10,fb738676-3c04-44a8-a496-6f0eeb1e509c,2025-03-25 22:33:00,77
user_3,fde70809-bd33-4565-824b-8dd43ab21219,2025-03-24 05:45:00,57
user_13,52b69dbe-0e7a-4319-b5d5-bb239e41e0ae,2025-03-23 20:48:00,99
user_8,f730ec6f-a6de-4745-9340-bd091e6e123f,2025-03-24 01:50:00,137
user_17,0e485efb-c3a7-4976-a712-498e6bace838,2025-03-27 23:27:00,176
user_5,50454aaf-c67c-46f6-9859-07702390e821,2025-03-21 06:58:00,97
user_4,b37035b4-189d-434a-9805-26b965057384,2025-03-22 17:43:00,258
user_16,b7466efc-9414-40db-9682-9f8d92c78480,2025-03-26 09:41:00,34
user_16,7c8849ef-e3a2-4713-8721-aece9261651e,2025-03-25 05:06:00,151
user_16,50454aaf-c67c-46f6-9859-07702390e821,2025-03-26 07:02:00,125
user_14,2b2177b5-ed3a-4870-9dc7-38ac54ab6c44,2025-03-22 10:36:00,31
user_2,bffa07b4-439d-4f9a-b9b1-ae1037e0a9fe,2025-03-25 13:46:00,41
user_16,8ab6181e-93b8-4427-8f9a-86c917cccc9b,2025-03-20 05:23:00,283
user_7,ee9c8b94-558a-471e-922a-a5cec529487c,2025-03-22 03:03:00,191
user_2,75d605c9-f878-4275-a6ab-96732750493f,2025-03-27 03:47:00,190
user_15,d133f0d5-ae36-42d4-b8a3-04bd5cd6d628,2025-03-23 22:07:00,283
user_7,6a65d583-8523-4a24-8115-098e866a409f,2025-03-27 15:23:00,69
user_12,bbd341fe-88fa-4591-b67e-ead071287ac7,2025-03-25 20:41:00,86
user_17,a8ec6645-27af-4602-9af1-225e1b7001ac,2025-03-24 05:26:00,139
user_13,44dfe24e-27dc-4633-aa83-dff2151a8c35,2025-03-26 11:05:00,108
user_3,015c1b9d-d768-40d9-b1b7-e919c5b3544d,2025-03-22 22:41:00,108
user_20,8d081cd8-d3d0-4780-b4c5-7179ec8a6c62,2025-03-26 23:51:00,230
user_1,7d4d2ef5-cefb-4fd2-b9b3-b4141f732081,2025-03-25 02:13:00,99
user_19,7d4d2ef5-cefb-4fd2-b9b3-b4141f732081,2025-03-21 08:22:00,88
user_4,0e485efb-c3a7-4976-a712-498e6bace838,2025-03-21 00:12:00,299
user_13,ee9c8b94-558a-471e-922a-a5cec529487c,2025-03-27 23:25:00,40
user_20,2f0fdb08-609f-48a3-bd29-f2b7ca535974,2025-03-20 12:08:00,290
user_5,015c1b9d-d768-40d9-b1b7-e919c5b3544d,2025-03-24 03:54:00,189
user_19,c5b4a46a-1749-4e20-a5e1-955c24de1d70,2025-03-20 12:42:00,208
user_18,fff37707-57a8-403d-9585-786a8e91c34d,2025-03-26 10:27:00,98
user_4,834efde5-2c84-4ea0-b552-75937dad9465,2025-03-23 00:44:00,138
user_1,ef7acae2-6310-47c6-b911-69372bd82766,2025-03-20 21:57:00,82
user_1,e8a625f0-18be-4410-8121-540f7d8c46e2,2025-03-23 13:39:00,104
user_8,e03c3c9f-a73f-44b1-9102-5acca734402b,2025-03-21 12:53:00,248
user_3,834efde5-2c84-4ea0-b552-75937dad9465,2025-03-20 14:55:00,148
user_20,015c1b9d-d768-40d9-b1b7-e919c5b3544d,2025-03-22 11:40:00,193
user_9,78a54da3-0b84-4261-ad45-adbfe413bdcc,2025-03-25 09:37:00,185
user_16,1b559456-b659-48ef-9b4c-6c3d1dc47a2b,2025-03-21 17:07:00,172
user_11,94d41a86-3081-4ca8-a34c-088a562fc15c,2025-03-20 14:04:00,160
user_1,72f2d1a8-2ed7-4054-b9a4-4252df552843,2025-03-25 11:11:00,81
user_16,db03f0dc-d3a6-45ce-9312-5cf60cf4c75e,2025-03-25 03:44:00,226
user_11,e03c3c9f-a73f-44b1-9102-5acca734402b,2025-03-26 15:02:00,208
user_4,01e521e2-0ccb-4a09-8611-22e7cb9fd0c9,2025-03-23 08:09:00,298
user_16,c721239e-e84d-48a2-9bc2-e7bfce4d4eea,2025-03-20 04:43:00,32
user_6,d8b09b6c-b43c-448f-8ab4-29cb5ff37894,2025-03-24 23:02:00,82
user_12,231f0c55-29d6-43d6-834a-d5b132db529c,2025-03-23 01:44:00,76
user_20,597b9b32-9c13-43d9-b727-5da2600cab9c,2025-03-25 01:53:00,181
user_4,6dd38e12-166a-4cdf-bce4-d410583b9f1d,2025-03-24 11:02:00,174
user_6,96237af0-f535-47d5-99da-7616e69207c4,2025-03-27 14:34:00,265
user_1,bb0752fe-5913-496e-a6be-8ea7e6752b77,2025-03-24 21:20:00,291
user_12,bbd341fe-88fa-4591-b67e-ead071287ac7,2025-03-26 14:35:00,139
user_4,412a129b-30ae-4956-b023-6effd229fb08,2025-03-26 09:37:00,168
user_13,e5e47066-5d2e-4a00-b380-8f5a16744b6e,2025-03-25 03:34:00,126
user_4,f14c1d7e-f2ce-4ece-90f0-d6a95059a5f0,2025-03-27 14:23:00,159
user_10,ce12e77d-2296-4ed6-81a6-dbd31f777303,2025-03-20 18:43:00,252
user_15,3f6be740-fbd6-4743-acbc-19b47e5f7464,2025-03-26 10:00:00,216
user_16,0f98510c-6492-4a7c-97f5-f436522cd9d9,2025-03-26 07:38:00,220
user_11,50454aaf-c67c-46f6-9859-07702390e821,2025-03-26 23:46:00,262
user_6,8e08b6cf-1850-42c3-aeb2-c07bb5f179dc,2025-03-26 00:46:00,131
user_14,78121f39-8dea-427a-a49e-0a07e54a717f,2025-03-22 13:44:00,165
user_19,015c1b9d-d768-40d9-b1b7-e919c5b3544d,2025-03-21 19:12:00,141
user_9,3f6be740-fbd6-4743-acbc-19b47e5f7464,2025-03-24 06:50:00,202
user_3,7e5cde57-ebcd-4cb0-9543-7a09c14f9ced,2025-03-23 08:01:00,87
user_12,6dd38e12-166a-4cdf-bce4-d410583b9f1d,2025-03-26 07:31:00,185
user_6,bd6dc8d3-757f-4b0f-835b-9ec19abf89ed,2025-03-23 16:49:00,263
user_6,bb0752fe-5913-496e-a6be-8ea7e6752b77,2025-03-26 19:01:00,50
user_17,2f0fdb08-609f-48a3-bd29-f2b7ca535974,2025-03-20 13:04:00,169
user_3,94d41a86-3081-4ca8-a34c-088a562fc15c,2025-03-22 08:48:00,39
user_19,7d4d2ef5-cefb-4fd2-b9b3-b4141f732081,2025-03-20 14:03:00,59
user_9,d4b51288-4891-48d0-a933-1b636f964380,2025-03-25 23:03:00,40
user_1,bd6dc8d3-757f-4b0f-835b-9ec19abf89ed,2025-03-22 18:56:00,207
user_10,fb738676-3c04-44a8-a496-6f0eeb1e509c,2025-03-24 07:33:00,237
user_3,834efde5-2c84-4ea0-b552-75937dad9465,2025-03-21 02:07:00,134
user_14,bd6dc8d3-757f-4b0f-835b-9ec19abf89ed,2025-03-24 16:45:00,143
user_19,a9ad1c25-4edd-46b5-b5d5-affaa1f17f6f,2025-03-23 02:29:00,181
user_20,5bf24a4f-b1f4-4cfa-9849-c1597b3e6605,2025-03-27 13:43:00,265
user_18,19168a3e-d5b9-42f2-95f1-f6b2d527b62c,2025-03-21 23:18:00,99
user_2,7e5cde57-ebcd-4cb0-9543-7a09c14f9ced,2025-03-26 08:59:00,54
user_15,19f5efd9-de2c-438d-8831-ff505117e0d7,2025-03-21 12:44:00,256
user_17,f730ec6f-a6de-4745-9340-bd091e6e123f,2025-03-24 20:32:00,43
user_2,52b69dbe-0e7a-4319-b5d5-bb239e41e0ae,2025-03-20 13:20:00,219
user_20,015c1b9d-d768-40d9-b1b7-e919c5b3544d,2025-03-22 11:47:00,71
user_17,94d41a86-3081-4ca8-a34c-088a562fc15c,2025-03-25 22:13:00,274
user_12,7ef43e68-fb8d-444f-90d3-f4934c40a6dd,2025-03-25 09:38:00,87
user_18,f78dd174-f7ab-480e-bd7b-5fb256ae4868,2025-03-27 15:48:00,143
user_14,fde70809-bd33-4565-824b-8dd43ab21219,2025-03-26 08:25:00,156
user_12,2b2177b5-ed3a-4870-9dc7-38ac54ab6c44,2025-03-26 06:40:00,123
user_7,2b2177b5-ed3a-4870-9dc7-38ac54ab6c44,2025-03-27 08:31:00,118
user_8,ea29b646-ae77-440f-96cf-dfc0837340cd,2025-03-23 10:32:00,276
user_2,d4b51288-4891-48d0-a933-1b636f964380,2025-03-25 15:44:00,37
user_10,9d19a366-4439-4831-8d63-f08cee6eab5c,2025-03-22 01:20:00,97
user_15,7d4d2ef5-cefb-4fd2-b9b3-b4141f732081,2025-03-26 15:00:00,32
user_19,5bb3fbe5-64c4-4f59-9970-dec7696a2281,2025-03-26 18:53:00,69
user_1,6561350d-8879-48a7-bfc0-03bfffb88993,2025-03-22 02:22:00,104
user_11,38d222b4-4ee9-42cb-9ef7-c0f110746f96,2025-03-22 13:57:00,234
user_4,0f98510c-6492-4a7c-97f5-f436522cd9d9,2025-03-27 13:27:00,288
user_15,1b559456-b659-48ef-9b4c-6c3d1dc47a2b,2025-03-24 07:34:00,271
user_13,d8b09b6c-b43c-448f-8ab4-29cb5ff37894,2025-03-27 12:45:00,54
user_4,b7466efc-9414-40db-9682-9f8d92c78480,2025-03-26 17:28:00,192
user_8,bb0752fe-5913-496e-a6be-8ea7e6752b77,2025-03-26 09:55:00,293
user_18,2f0fdb08-609f-48a3-bd29-f2b7ca535974,2025-03-20 21:49:00,125
user_5,e03c3c9f-a73f-44b1-9102-5acca734402b,2025-03-23 02:34:00,142
user_6,f730ec6f-a6de-4745-9340-bd091e6e123f,2025-03-20 03:36:00,294
user_5,a8a5a65e-9ede-44ca-93e0-6007e869cc9b,2025-03-22 03:05:00,288
user_15,c721239e-e84d-48a2-9bc2-e7bfce4d4eea,2025-03-22 17:20:00,105
user_9,ce12e77d-2296-4ed6-81a6-dbd31f777303,2025-03-25 17:16:00,134
user_5,c721239e-e84d-48a2-9bc2-e7bfce4d4eea,2025-03-26 17:21:00,292
user_10,61e699a5-96cf-4990-aa44-a1285cdf01af,2025-03-26 00:50:00,189
user_7,8c1c8aa4-6f33-4109-9cb3-376e6d20b758,2025-03-27 18:00:00,181
user_7,8905897c-1d4a-48a9-bd87-b9c980b0cb17,2025-03-24 03:42:00,184
user_18,f730ec6f-a6de-4745-9340-bd091e6e123f,2025-03-20 17:48:00,211
user_4,7e5cde57-ebcd-4cb0-9543-7a09c14f9ced,2025-03-22 16:08:00,38
user_13,ea29b646-ae77-440f-96cf-dfc0837340cd,2025-03-23 21:31:00,245
user_14,412a129b-30ae-4956-b023-6effd229fb08,2025-03-22 03:32:00,141
user_3,7e5cde57-ebcd-4cb0-9543-7a09c14f9ced,2025-03-24 13:55:00,189
user_4,ea29b646-ae77-440f-96cf-dfc0837340cd,2025-03-27 17:42:00,173
user_13,db03f0dc-d3a6-45ce-9312-5cf60cf4c75e,2025-03-23 19:03:00,259
user_4,0beab5aa-7616-465a-9cda-3b29235fa393,2025-03-26 23:39:00,237
user_15,ae254d91-4909-4ac5-b968-a6adf59d68a1,2025-03-26 14:24:00,47
user_5,c721239e-e84d-48a2-9bc2-e7bfce4d4eea,2025-03-20 14:23:00,151
user_16,50454aaf-c67c-46f6-9859-07702390e821,2025-03-26 05:02:00,108
user_5,61e699a5-96cf-4990-aa44-a1285cdf01af,2025-03-26 11:02:00,104
user_10,2f0fdb08-609f-48a3-bd29-f2b7ca535974,2025-03-26 18:01:00,283
user_13,94d41a86-3081-4ca8-a34c-088a562fc15c,2025-03-26 20:21:00,142
user_6,01950edd-9fc5-4d39-8030-105332339144,2025-03-20 05:49:00,81
user_20,834efde5-2c84-4ea0-b552-75937dad9465,2025-03-20 21:13:00,224
user_16,9d91c550-314a-4087-8ee2-04777362f275,2025-03-21 04:47:00,255
user_12,f730ec6f-a6de-4745-9340-bd091e6e123f,2025-03-20 15:05:00,118
user_13,c721239e-e84d-48a2-9bc2-e7bfce4d4eea,2025-03-23 04:22:00,91
user_17,78121f39-8dea-427a-a49e-0a07e54a717f,2025-03-25 12:56:00,51
user_11,7155d783-e35d-4e02-84f0-b245e5aa1e5d,2025-03-21 22:26:00,129
user_13,f78dd174-f7ab-480e-bd7b-5fb256ae4868,2025-03-22 18:54:00,245
user_15,8689ce8f-5789-4165-a7db-13172a8c417a,2025-03-21 23:03:00,101
user_15,7d4d2ef5-cefb-4fd2-b9b3-b4141f732081,2025-03-22 07:44:00,190
user_6,5ffdf3a6-e22b-49f9-aeed-b0583206401b,2025-03-22 08:25:00,137
user_18,2e8d496f-41db-42fb-ba10-0a85325eea94,2025-03-25 16:45:00,288
user_18,fb738676-3c04-44a8-a496-6f0eeb1e509c,2025-03-27 10:31:00,93
user_19,7ef43e68-fb8d-444f-90d3-f4934c40a6dd,2025-03-24 12:43:00,227
user_3,7c8849ef-e3a2-4713-8721-aece9261651e,2025-03-27 19:54:00,258
user_8,72f2d1a8-2ed7-4054-b9a4-4252df552843,2025-03-21 15:39:00,251
user_3,2e8d496f-41db-42fb-ba10-0a85325eea94,2025-03-24 20:28:00,66
user_9,f730ec6f-a6de-4745-9340-bd091e6e123f,2025-03-27 02:21:00,72
user_14,8d081cd8-d3d0-4780-b4c5-7179ec8a6c62,2025-03-20 04:55:00,256
user_11,0beab5aa-7616-465a-9cda-3b29235fa393,2025-03-25 04:40:00,271
user_18,d133f0d5-ae36-42d4-b8a3-04bd5cd6d628,2025-03-25 02:43:00,189
user_19,59afcd19-b96a-4684-a811-9aa87372a145,2025-03-24 02:50:00,243
user_13,52b69dbe-0e7a-4319-b5d5-bb239e41e0ae,2025-03-26 22:43:00,289
user_8,75d605c9-f878-4275-a6ab-96732750493f,2025-03-21 07:31:00,85
user_19,7155d783-e35d-4e02-84f0-b245e5aa1e5d,2025-03-26 19:54:00,84
user_18,bd6dc8d3-757f-4b0f-835b-9ec19abf89ed,2025-03-27 10:25:00,89
user_4,ce12e77d-2296-4ed6-81a6-dbd31f777303,2025-03-25 23:22:00,291
user_17,44dfe24e-27dc-4633-aa83-dff2151a8c35,2025-03-25 05:33:00,95
user_19,e8bd3fa2-cc61-4ccf-8175-fe430bb06857,2025-03-27 19:43:00,228
user_10,753701bf-ab5c-484a-8b01-eed5aec22387,2025-03-24 12:44:00,239
user_4,834efde5-2c84-4ea0-b552-75937dad9465,2025-03-26 20:35:00,45
user_19,0f98510c-6492-4a7c-97f5-f436522cd9d9,2025-03-24 23:11:00,190
user_5,01e521e2-0ccb-4a09-8611-22e7cb9fd0c9,2025-03-20 21:14:00,39
user_6,38d222b4-4ee9-42cb-9ef7-c0f110746f96,2025-03-22 13:09:00,42
user_1,35144766-993a-4e04-b852-a3c5221d3d36,2025-03-24 11:12:00,34
user_13,75d605c9-f878-4275-a6ab-96732750493f,2025-03-24 16:32:00,155
user_20,8c1c8aa4-6f33-4109-9cb3-376e6d20b758,2025-03-25 11:52:00,159
user_1,c8b0eee9-9afe-4c22-8de2-7ba50a8316ce,2025-03-26 06:16:00,145
user_7,c721239e-e84d-48a2-9bc2-e7bfce4d4eea,2025-03-25 11:27:00,133
user_3,caec548f-6438-4cad-8571-af209d11bd71,2025-03-23 20:50:00,271
user_11,94d41a86-3081-4ca8-a34c-088a562fc15c,2025-03-23 12:44:00,189
user_8,59afcd19-b96a-4684-a811-9aa87372a145,2025-03-23 07:24:00,274
user_18,1b559456-b659-48ef-9b4c-6c3d1dc47a2b,2025-03-24 07:37:00,194
user_12,e03c3c9f-a73f-44b1-9102-5acca734402b,2025-03-27 03:00:00,190
user_16,e8a625f0-18be-4410-8121-540f7d8c46e2,2025-03-21 13:26:00,260
user_20,c8b0eee9-9afe-4c22-8de2-7ba50a8316ce,2025-03-24 01:59:00,287
user_20,01950edd-9fc5-4d39-8030-105332339144,2025-03-22 11:56:00,122
user_11,96237af0-f535-47d5-99da-7616e69207c4,2025-03-26 02:43:00,134
user_7,01f84152-10b1-43c3-8446-0a41d39b0793,2025-03-27 23:31:00,290
user_16,52855f22-3641-498b-b871-86d0fa77c5ee,2025-03-20 11:39:00,150
user_11,01f84152-10b1-43c3-8446-0a41d39b0793,2025-03-26 12:10:00,36
user_6,8ab6181e-93b8-4427-8f9a-86c917cccc9b,2025-03-26 14:58:00,59
user_17,f78dd174-f7ab-480e-bd7b-5fb256ae4868,2025-03-26 14:14:00,125
